Date,Open,High,Low,Close,Adj Close,Volume
2015-01-02,78.5800018311,78.9300003052,77.6999969482,78.4499969482,77.7057571411,18177500
2015-01-05,77.9800033569,79.2500000000,76.8600006104,77.1900024414,76.4577026367,26452200
2015-01-06,77.2300033569,77.5899963379,75.3600006104,76.1500015259,75.4275741577,27399300
2015-01-07,76.7600021362,77.3600006104,75.8199996948,76.1500015259,75.4275741577,22045300
2015-01-08,76.7399978638,78.2300033569,76.0800018311,78.1800003052,77.4383163452,23961000
2015-01-09,78.1999969482,78.6200027466,77.1999969482,77.7399978638,77.0024795532,21157000
2015-01-12,77.8399963379,78.0000000000,76.2099990845,76.7200012207,75.9921722412,19190200
2015-01-13,77.2300033569,78.0800018311,75.8499984741,76.4499969482,75.7247390747,25179600
2015-01-14,76.4199981689,77.1999969482,76.0299987793,76.2799987793,75.5563430786,25918600
2015-01-15,76.4000015259,76.5699996948,73.5400009155,74.0500030518,73.3475036621,34134000
2015-01-16,74.0400009155,75.3199996948,73.8399963379,75.1800003052,74.4667892456,21791500
2015-01-20,75.7200012207,76.3099975586,74.8199996948,76.2399978638,75.5167160034,22821600
2015-01-21,76.1600036621,77.3000030518,75.8499984741,76.7399978638,76.0119781494,25096700
2015-01-22,77.1699981689,77.7500000000,76.6800003052,77.6500015259,76.9133529663,19519500
2015-01-23,77.6500015259,78.1900024414,77.0400009155,77.8300018311,77.0916366577,16746500
2015-01-26,77.9800033569,78.4700012207,77.2900009155,77.5000000000,76.7647552490,19260800
2015-01-27,76.7099990845,76.8799972534,75.6299972534,75.7799987793,75.0610961914,20110000
2015-01-28,76.9000015259,77.6399993896,76.0000000000,76.2399978638,75.5167160034,53306400
2015-01-29,76.8499984741,78.0199966431,74.2099990845,78.0000000000,77.2600173950,61293500
2015-01-30,78.0000000000,78.1600036621,75.7500000000,75.9100036621,75.1898498535,42649500
2015-02-02,76.1100006104,76.1399993896,73.7500000000,74.9899978638,74.2785873413,41955300
2015-02-03,75.1900024414,75.5800018311,73.8600006104,75.4000015259,74.6846923828,26957700
2015-02-04,75.0899963379,76.3499984741,75.0100021362,75.6299972534,74.9125137329,20277400
2015-02-05,75.7099990845,75.9800033569,75.2099990845,75.6100006104,74.8927078247,15062600
2015-02-06,75.6800003052,75.6999969482,74.2500000000,74.4700012207,73.7635192871,21211000
2015-02-09,74.0500030518,74.8300018311,73.4499969482,74.4400024414,73.7338027954,16194300
2015-02-10,74.8499984741,75.3399963379,74.5000000000,75.1900024414,74.4766845703,15811300
2015-02-11,75.0899963379,76.7500000000,75.0299987793,76.5100021362,75.7841644287,20877400
2015-02-12,76.8600006104,76.8700027466,75.8899993896,76.2300033569,75.5068206787,17235000
2015-02-13,76.4599990845,76.4800033569,75.5000000000,75.7399978638,75.0214691162,18621900
2015-02-17,75.3000030518,76.9100036621,75.0800018311,75.5999984741,74.8828048706,25254400
2015-02-18,75.9400024414,76.9000015259,75.4499969482,76.7099990845,75.9822616577,22426400
2015-02-19,76.9899978638,79.8399963379,76.9499969482,79.4199981689,78.6665725708,45851200
2015-02-20,79.5500030518,80.3399963379,79.1999969482,79.9000015259,79.1419830322,36931700
2015-02-23,79.9599990845,80.1900024414,78.3799972534,78.8399963379,78.0920562744,24139100
2015-02-24,78.5000000000,79.4800033569,78.0999984741,78.4499969482,77.7057571411,18897100
2015-02-25,78.5000000000,80.1999969482,78.5000000000,79.5599975586,78.8052215576,25593800
2015-02-26,79.8799972534,81.3700027466,79.7200012207,80.4100036621,79.6471710205,31111900
2015-02-27,80.6800003052,81.2300033569,78.6200027466,78.9700012207,78.2208251953,30739200
2015-03-02,79.0000000000,79.8600006104,78.5199966431,79.7500000000,78.9934310913,21662500
2015-03-03,79.6100006104,79.6999969482,78.5199966431,79.5999984741,78.8448410034,18635000
2015-03-04,79.3000030518,81.1500015259,78.8499984741,80.9000015259,80.1325073242,28126700
2015-03-05,81.2300033569,81.9899978638,81.0500030518,81.2099990845,80.4395751953,27825700
2015-03-06,80.9000015259,81.3300018311,79.8300018311,80.0100021362,79.2509613037,24488600
2015-03-09,79.6800003052,79.9100036621,78.6299972534,79.4400024414,78.6863708496,18925100
2015-03-10,78.5000000000,79.2600021362,77.5500030518,77.5500030518,76.8142852783,23067100
2015-03-11,77.8000030518,78.4300003052,77.2600021362,77.5699996948,76.8340988159,20215700
2015-03-12,78.0999984741,79.0500030518,77.9100036621,78.9300003052,78.1811981201,16093300
2015-03-13,78.5999984741,79.3799972534,77.6800003052,78.0500030518,77.3095550537,18557300
2015-03-16,77.9599990845,78.1200027466,77.3600006104,78.0699996948,77.3293457031,19305400
2015-03-17,78.3600006104,79.7799987793,78.3399963379,79.3600006104,78.6071243286,22170000
2015-03-18,79.2500000000,81.2399978638,79.1699981689,80.9100036621,80.1424179077,36912400
2015-03-19,81.1200027466,83.0000000000,81.0000000000,82.7500000000,81.9649734497,42099500
2015-03-20,83.3899993896,84.5999984741,83.0699996948,83.8000030518,83.0049972534,44466300
2015-03-23,83.9199981689,84.9599990845,83.3000030518,84.4300003052,83.6290206909,27357300
2015-03-24,84.7099990845,86.0699996948,84.5199966431,85.3099975586,84.5006713867,32576500
2015-03-25,85.5000000000,85.5199966431,82.9199981689,82.9199981689,82.1333465576,37436100
2015-03-26,82.7200012207,83.7699966431,82.1399993896,83.0100021362,82.2225112915,32794800
2015-03-27,83.3799972534,83.9499969482,82.8799972534,83.3000030518,82.5097503662,18372600
2015-03-30,83.8099975586,84.3399963379,82.4100036621,83.1999969482,82.4106903076,24527700
2015-03-31,82.9000015259,83.5000000000,82.2099990845,82.2200012207,81.4399948120,19734300
2015-04-01,82.5000000000,82.7200012207,80.8700027466,81.6699981689,80.8952255249,22058200
2015-04-02,82.2500000000,82.5599975586,81.4400024414,81.5599975586,80.7862396240,19664100
2015-04-06,80.8000030518,82.8099975586,80.8000030518,82.4400024414,81.6579132080,19062900
2015-04-07,82.6500015259,83.4199981689,82.2200012207,82.3199996948,81.5390472412,17467000
2015-04-08,82.6299972534,83.0999984741,81.8399963379,82.2799987793,81.4994430542,18966700
2015-04-09,82.5000000000,82.8000030518,81.7099990845,82.1699981689,81.3904800415,15927300
2015-04-10,82.2099990845,82.6100006104,81.9100036621,82.0400009155,81.2617034912,12529700
2015-04-13,81.9300003052,83.9400024414,81.9199981689,83.0100021362,82.2225112915,26883100
2015-04-14,83.1699981689,83.6900024414,82.4400024414,83.5199966431,82.7276535034,19634200
2015-04-15,83.5500030518,83.6600036621,82.2699966431,82.7099990845,81.9253540039,22390900
2015-04-16,82.4700012207,83.0699996948,82.1500015259,82.3099975586,81.5291366577,13769700
2015-04-17,81.4800033569,82.1100006104,80.3700027466,80.7799987793,80.0136566162,24215000
2015-04-20,81.5400009155,83.1500015259,81.2399978638,83.0899963379,82.3017501831,28796800
2015-04-21,84.0000000000,84.4899978638,83.5400009155,83.6200027466,82.8267059326,27171900
2015-04-22,84.3199996948,84.7399978638,83.6500015259,84.6299972534,83.8271179199,45548000
2015-04-23,84.0999984741,85.5899963379,82.4100036621,82.4100036621,81.6281967163,73728100
2015-04-24,82.7699966431,82.9400024414,81.4800033569,81.5299987793,80.7565383911,29660400
2015-04-27,81.8700027466,82.9300003052,81.6299972534,81.9100036621,81.1329498291,25446000
2015-04-28,81.8300018311,81.9000015259,80.2300033569,80.6800003052,79.9146041870,23775300
2015-04-29,80.0100021362,81.3899993896,79.5199966431,80.4700012207,79.7065811157,26430300
2015-04-30,80.0100021362,80.9599990845,78.3199996948,78.7699966431,78.0227203369,28999000
2015-05-01,79.2399978638,79.7600021362,78.1100006104,78.9899978638,78.2406311035,24136400
2015-05-04,79.3300018311,79.6900024414,78.6299972534,78.8099975586,78.0623397827,14692000
2015-05-05,78.5500030518,78.8000030518,77.2200012207,77.5599975586,76.8241882324,22311300
2015-05-06,77.9700012207,78.8099975586,77.0500030518,78.0999984741,77.3590774536,28663000
2015-05-07,78.0000000000,78.9400024414,77.5599975586,78.4300003052,77.6859436035,19749400
2015-05-08,79.0999984741,79.2300033569,78.0299987793,78.5100021362,77.7651977539,19943600
2015-05-11,78.4800033569,79.0299987793,77.9300003052,78.0100021362,77.2699432373,18874100
2015-05-12,77.8700027466,77.8899993896,76.7900009155,77.4599990845,76.7251510620,21285300
2015-05-13,77.7200012207,78.5299987793,77.6500015259,78.4400024414,77.6958465576,21512300
2015-05-14,78.9400024414,81.8499984741,78.6699981689,81.3700027466,80.5980682373,49438000
2015-05-15,81.4100036621,81.5199966431,80.1800003052,80.4199981689,79.6570739746,27069900
2015-05-18,80.3300018311,81.3799972534,80.2300033569,80.8799972534,80.1127090454,21613700
2015-05-19,81.2500000000,81.6900024414,80.5500030518,80.6299972534,79.8650894165,17955400
2015-05-20,80.4700012207,81.0999984741,79.4599990845,80.5500030518,79.7858428955,23056900
2015-05-21,80.1900024414,80.9199981689,80.0800018311,80.4800033569,79.7164993286,13402700
2015-05-22,80.3499984741,81.3099975586,80.2500000000,80.5400009155,79.7759399414,19567900
2015-05-26,80.4300003052,80.5999984741,79.0800018311,79.3300018311,78.5774078369,16321300
2015-05-27,79.5999984741,80.6600036621,79.4300003052,80.5500030518,79.7858428955,14160900
2015-05-28,80.2500000000,81.0699996948,80.0000000000,80.1500015259,79.3896331787,11982000
2015-05-29,79.9499969482,80.0699996948,78.8799972534,79.1900024414,78.4387283325,16134600
2015-06-01,79.3000030518,80.3799972534,78.6600036621,80.2900009155,79.5283126831,18119000
2015-06-02,79.7600021362,81.3499984741,79.5599975586,80.4400024414,79.6768875122,18923300
2015-06-03,81.3499984741,82.5299987793,81.2500000000,82.4400024414,81.6579132080,31775000
2015-06-04,82.1399993896,82.9499969482,81.5100021362,82.0500030518,81.2716140747,20863900
2015-06-05,81.8700027466,82.4599990845,81.5100021362,82.1399993896,81.3607482910,16143100
2015-06-08,81.8199996948,82.0000000000,80.1299972534,80.6699981689,79.9047012329,16915500
2015-06-09,80.5999984741,81.1900024414,79.3199996948,80.6699981689,79.9047012329,16497500
2015-06-10,80.8300018311,82.5999984741,80.8099975586,82.1600036621,81.3805694580,21531200
2015-06-11,82.3099975586,82.9000015259,81.3600006104,81.8300018311,81.0536956787,18656800
2015-06-12,81.3700027466,82.0899963379,81.1999969482,81.5299987793,80.7565383911,11417900
2015-06-15,80.5500030518,80.9300003052,80.0699996948,80.7099990845,79.9443130493,18805100
2015-06-16,80.8199996948,81.5100021362,80.4499969482,81.0599975586,80.2910079956,13693700
2015-06-17,81.7600021362,82.2200012207,81.3399963379,81.7900009155,81.0140838623,18350300
2015-06-18,81.6399993896,83.1900024414,81.5699996948,82.9100036621,82.1234512329,26782600
2015-06-19,82.8300018311,82.9800033569,82.1200027466,82.5100021362,81.7272415161,23353200
2015-06-22,83.4100036621,84.9700012207,83.3099975586,84.7399978638,83.9360809326,29383100
2015-06-23,84.9599990845,87.9700012207,84.7600021362,87.8799972534,87.0462951660,50667900
2015-06-24,87.6600036621,89.2500000000,87.4499969482,88.8600006104,88.0170135498,41370200
2015-06-25,89.2600021362,89.4000015259,87.8399963379,87.9800033569,87.1453704834,27302000
2015-06-26,88.1200027466,88.3399963379,86.8300018311,88.0100021362,87.1750793457,38214600
2015-06-29,86.6100006104,87.5000000000,85.7300033569,85.8000030518,84.9860305786,35957900
2015-06-30,86.5999984741,86.6999969482,85.5699996948,85.7699966431,84.9563140869,23016500
2015-07-01,86.7699966431,87.9499969482,86.4899978638,86.9100036621,86.0854873657,25260000
2015-07-02,87.4000015259,87.4400024414,86.3399963379,87.2900009155,86.4618911743,16908800
2015-07-06,86.4899978638,88.1900024414,86.3899993896,87.5500030518,86.7194290161,24635900
2015-07-07,87.8000030518,87.8499984741,85.2300033569,87.2200012207,86.3925628662,33059900
2015-07-08,86.2900009155,86.7500000000,85.4499969482,85.6500015259,84.8374481201,24399300
2015-07-09,86.7300033569,87.5999984741,85.6500015259,85.8799972534,85.0652618408,23307400
2015-07-10,87.3499984741,88.2200012207,86.7699966431,87.9499969482,87.1156311035,23245900
2015-07-13,88.6600036621,90.2200012207,88.4199981689,90.0999984741,89.2452239990,29976700
2015-07-14,90.4599990845,90.8000030518,89.6500015259,89.6800003052,88.8292236328,26627800
2015-07-15,90.0000000000,90.9899978638,89.4199981689,89.7600021362,88.9084625244,30886600
2015-07-16,90.2799987793,90.8600006104,89.7699966431,90.8499984741,89.9881286621,21804100
2015-07-17,92.5500030518,95.3899993896,92.5400009155,94.9700012207,94.0690307617,54001600
2015-07-20,95.8499984741,98.5999984741,95.3600006104,97.9100036621,96.9811553955,54860500
2015-07-21,98.9499969482,99.2399978638,97.1399993896,98.3899993896,97.4565963745,39453300
2015-07-22,96.7399978638,97.5800018311,95.9199981689,97.0400009155,96.1193923950,28299500
2015-07-23,96.9599990845,97.4499969482,94.8099975586,95.4400024414,94.5345764160,29418800
2015-07-24,97.3499984741,97.7600021362,95.8799972534,96.9499969482,96.0302429199,33444900
2015-07-27,96.5800018311,96.6100006104,93.8300018311,94.1699981689,93.2766265869,38585400
2015-07-28,94.8399963379,95.5599975586,93.3099975586,95.2900009155,94.3860092163,35236000
2015-07-29,96.3199996948,97.2799987793,94.7399978638,96.9899978638,96.0698699951,64648300
2015-07-30,94.9100036621,95.8099975586,91.8000030518,95.2099990845,94.3067626953,86211300
2015-07-31,94.9499969482,96.3300018311,93.9499969482,94.0100021362,93.1181564331,46509000
2015-08-03,93.5299987793,95.0800018311,92.8000030518,94.1399993896,93.2469100952,29343100
2015-08-04,93.7900009155,94.7300033569,93.3300018311,94.0599975586,93.1676712036,20136000
2015-08-05,95.2500000000,97.0899963379,95.1800003052,96.4400024414,95.5251007080,29813200
2015-08-06,97.1800003052,98.7399978638,94.4199981689,95.1200027466,94.2176208496,42271300
2015-08-07,95.3799972534,95.4000015259,93.6100006104,94.3000030518,93.4053878784,23199100
2015-08-10,95.6800003052,95.9000015259,93.6299972534,94.1500015259,93.2568206787,21624200
2015-08-11,93.7300033569,94.7600021362,92.9000015259,93.6200027466,92.7318496704,22491000
2015-08-12,92.6999969482,94.4400024414,91.1900024414,94.1900024414,93.2964401245,27050500
2015-08-13,94.0500030518,94.7300033569,93.3499984741,93.4300003052,92.5436401367,17451800
2015-08-14,93.5400009155,94.7200012207,93.2099990845,94.4199981689,93.5242614746,15929700
2015-08-17,94.4199981689,94.4599990845,93.3899993896,93.9300003052,93.0388946533,18313500
2015-08-18,94.0800018311,95.8499984741,94.0400009155,95.1699981689,94.2671432495,22278800
2015-08-19,94.6299972534,96.0999984741,94.1600036621,95.3099975586,94.4058074951,23251300
2015-08-20,93.5400009155,94.7699966431,90.4599990845,90.5599975586,89.7008666992,44598200
2015-08-21,87.5199966431,89.1800003052,85.6100006104,86.0599975586,85.2435607910,62778700
2015-08-24,77.0299987793,82.0899963379,72.0000000000,82.0899963379,81.3112335205,83710700
2015-08-25,86.9499969482,87.6699981689,83.0000000000,83.0000000000,82.2126083374,52021200
2015-08-26,85.9499969482,87.4599990845,83.2600021362,87.1900024414,86.3628540039,45124300
2015-08-27,89.0999984741,90.0599975586,87.1900024414,89.7300033569,88.8787536621,42431400
2015-08-28,89.8799972534,91.4800033569,89.7900009155,91.0100021362,90.1465988159,33215900
2015-08-31,90.5999984741,91.0500030518,88.8899993896,89.4300003052,88.5815963745,32850700
2015-09-01,86.8499984741,89.3899993896,86.5000000000,87.2300033569,86.4024734497,36097400
2015-09-02,88.8099975586,89.8899993896,87.6299972534,89.8899993896,89.0372314453,27190500
2015-09-03,89.7600021362,89.8199996948,87.7300033569,88.1500015259,87.3137435913,27048200
2015-09-04,87.1999969482,88.3899993896,86.6999969482,88.2600021362,87.4227066040,27328700
2015-09-08,89.6900024414,90.2399978638,88.8300018311,89.5299987793,88.6806411743,27012500
2015-09-09,90.7799987793,91.9800033569,90.1699981689,90.4400024414,89.5820159912,32551100
2015-09-10,90.0699996948,92.0599975586,89.6299972534,91.9800033569,91.1074142456,26437400
2015-09-11,91.6800003052,92.0800018311,91.1299972534,92.0500030518,91.1767425537,21185000
2015-09-14,92.3099975586,92.6200027466,91.5999984741,92.3099975586,91.4342651367,20127900
2015-09-15,92.3700027466,93.2500000000,91.7900009155,92.9000015259,92.0186691284,18859400
2015-09-16,92.9000015259,93.5999984741,92.6299972534,93.4499969482,92.5634536743,16321200
2015-09-17,93.3700027466,95.5100021362,92.9000015259,94.3399963379,93.4450225830,27841800
2015-09-18,93.1999969482,95.1900024414,93.0500030518,94.4000015259,93.5044479370,62300000
2015-09-21,94.6200027466,96.4899978638,94.5199966431,95.5500030518,94.6435470581,28790000
2015-09-22,93.7699966431,94.6800003052,91.9199981689,92.9599990845,92.0780868530,36888900
2015-09-23,93.4000015259,94.3199996948,92.8000030518,93.9700012207,93.0785293579,21701400
2015-09-24,93.0599975586,94.7699966431,92.2399978638,94.4100036621,93.5143508911,29106000
2015-09-25,95.7900009155,95.8499984741,92.0599975586,92.7699966431,91.8899154663,28961600
2015-09-28,92.0800018311,92.2900009155,88.1800003052,89.2099990845,88.3636932373,41199900
2015-09-29,89.0999984741,90.0599975586,85.7200012207,86.6699981689,85.8477859497,42281800
2015-09-30,88.4400024414,90.0199966431,88.0100021362,89.9000015259,89.0471343994,36169100
2015-10-01,90.0500030518,90.9499969482,88.3600006104,90.9499969482,90.0871658325,29283700
2015-10-02,88.9000015259,92.1999969482,88.3700027466,92.0699996948,91.1965408325,37881700
2015-10-05,92.9400024414,94.2699966431,92.6600036621,94.0100021362,93.1181564331,27292500
2015-10-06,94.0800018311,94.1699981689,92.3399963379,92.8000030518,91.9196166992,22172800
2015-10-07,93.1100006104,93.6600036621,91.3700027466,92.4000015259,91.5234146118,24129300
2015-10-08,91.8899993896,93.2200012207,90.4700012207,92.4700012207,91.5927505493,27290500
2015-10-09,92.9000015259,93.7399978638,92.2399978638,93.2399978638,92.3554382324,20012900
2015-10-12,93.3199996948,94.5999984741,92.6699981689,94.2600021362,93.3657608032,18449600
2015-10-13,93.6600036621,95.3700027466,93.5500030518,94.1200027466,93.2271041870,19480300
2015-10-14,94.0800018311,95.1999969482,93.6100006104,94.0699996948,93.1775665283,19253400
2015-10-15,94.9899978638,96.3000030518,94.9000015259,95.9599990845,95.0496368408,27557500
2015-10-16,96.1800003052,97.5899963379,95.3499984741,97.5400009155,96.6146621704,25412900
2015-10-19,97.1800003052,98.5699996948,96.9199981689,98.4700012207,97.5358352661,23729900
2015-10-20,98.7300033569,99.5899963379,96.5599975586,97.0000000000,96.0797729492,30881800
2015-10-21,97.3700027466,98.1800003052,96.4700012207,97.1100006104,96.1887359619,21917800
2015-10-22,97.7900009155,99.7300033569,97.5500030518,99.6699981689,98.7244491577,26392100
2015-10-23,101.9100036621,102.8499984741,100.1600036621,102.1900024414,101.2205505371,42809700
2015-10-26,102.1999969482,103.8099975586,101.5500030518,103.7699966431,102.7855529785,25961200
2015-10-27,102.9400024414,104.0999984741,102.4000015259,103.6999969482,102.7162170410,23795500
2015-10-28,103.9000015259,104.4800033569,102.9199981689,104.1999969482,103.2114715576,24081500
2015-10-29,103.9599990845,105.1200027466,103.5199966431,104.8799972534,103.8850173950,20316700
2015-10-30,104.5100021362,104.7200012207,101.6500015259,101.9700012207,101.0026168823,33487100
2015-11-02,101.7200012207,103.4700012207,101.1800003052,103.3099975586,102.3299026489,24003900
2015-11-03,103.2200012207,103.6500015259,102.4000015259,102.5800018311,101.6068649292,21242300
2015-11-04,103.1900024414,104.1399993896,102.4800033569,103.9400024414,102.9539489746,43469300
2015-11-05,108.8000030518,110.6500015259,107.9499969482,108.7600021362,107.7282104492,63232900
2015-11-06,108.0400009155,108.7399978638,105.9100036621,107.0999984741,106.0839614868,35084300
2015-11-09,107.0000000000,108.2500000000,105.8600006104,106.4899978638,105.4797515869,26383500
2015-11-10,105.9599990845,108.1500015259,105.2399978638,107.9100036621,106.8862838745,25031700
2015-11-11,108.2699966431,109.8700027466,107.1100006104,109.0100021362,107.9758453369,25057100
2015-11-12,108.4800033569,109.3899993896,108.0000000000,108.0199966431,106.9952392578,20924700
2015-11-13,107.7099990845,108.2500000000,103.8300018311,103.9499969482,102.9638442993,30278400
2015-11-16,103.3199996948,104.1699981689,100.4700012207,104.0400009155,103.0529861450,49309200
2015-11-17,104.6200027466,106.1999969482,104.1399993896,105.1299972534,104.1326293945,26807200
2015-11-18,105.8000030518,107.8799972534,105.3899993896,107.7699966431,106.7476043701,23836500
2015-11-19,107.3600006104,107.7300033569,105.9499969482,106.2600021362,105.2519302368,25520600
2015-11-20,106.8399963379,107.8700027466,106.6200027466,107.3199996948,106.3018722534,22129600
2015-11-23,107.1900024414,107.4700012207,106.0800018311,106.9499969482,105.9353790283,19897200
2015-11-24,106.0000000000,106.4899978638,104.3899993896,105.7399978638,104.7368621826,23577300
2015-11-25,106.3300018311,106.5999984741,105.0999984741,105.4100036621,104.4100036621,15150800
2015-11-27,105.7799987793,105.9599990845,104.8600006104,105.4499969482,104.4496307373,5913100
2015-11-30,105.8399963379,106.0999984741,103.7500000000,104.2399978638,103.2510910034,20383200
2015-12-01,104.8300018311,107.1500015259,104.5000000000,107.1200027466,106.1037750244,22781900
2015-12-02,107.0000000000,107.9199981689,105.7900009155,106.0699996948,105.0637283325,24429100
2015-12-03,106.2699966431,106.8499984741,103.3499984741,104.3799972534,103.3897552490,23236500
2015-12-04,104.8099975586,107.7300033569,104.1100006104,106.1800003052,105.1726913452,21224700
2015-12-07,106.4800033569,106.8300018311,104.6600036621,105.6100006104,104.6081008911,15474900
2015-12-08,104.0000000000,106.9100036621,103.9499969482,106.4899978638,105.4797515869,20401800
2015-12-09,106.1800003052,106.4400024414,103.5500030518,104.5999984741,103.6076736450,23517300
2015-12-10,105.0500030518,106.4000015259,104.4100036621,105.4199981689,104.4199066162,17454300
2015-12-11,104.1500015259,104.3399963379,101.9100036621,102.1200027466,101.1512145996,26427700
2015-12-14,102.2900009155,104.7399978638,101.4599990845,104.6600036621,103.6671142578,24648100
2015-12-15,105.3000030518,105.8000030518,104.2799987793,104.5500030518,103.5581512451,21764300
2015-12-16,105.3700027466,107.0899963379,104.1900024414,106.7900009155,105.7768936157,22680500
2015-12-17,107.4899978638,107.7500000000,106.1299972534,106.2200012207,105.2123107910,21675700
2015-12-18,106.0800018311,106.5899963379,103.9700012207,104.0400009155,103.0529861450,35994200
2015-12-21,104.9100036621,105.1500015259,103.5999984741,104.7699966431,103.7760620117,16138800
2015-12-22,105.2200012207,105.6600036621,104.8099975586,105.5100021362,104.5090408325,14597100
2015-12-23,105.8899993896,106.1100006104,103.8600006104,104.6299972534,103.6373825073,19599700
2015-12-24,104.7399978638,105.3199996948,104.5000000000,105.0199966431,104.0236968994,6501800
2015-12-28,105.0199966431,105.9800033569,104.5299987793,105.9300003052,104.9250564575,13069700
2015-12-29,106.4199981689,107.7399978638,106.2500000000,107.2600021362,106.2424468994,17179900
2015-12-30,107.0000000000,107.2500000000,106.0599975586,106.2200012207,105.2123107910,13115000
2015-12-31,106.0000000000,106.1699981689,104.6200027466,104.6600036621,103.6671142578,18391100
2016-01-04,101.9499969482,102.2399978638,99.7500000000,102.2200012207,101.2502670288,37912400
2016-01-05,102.8899993896,103.7099990845,101.6699981689,102.7300033569,101.7554168701,23258200
2016-01-06,101.1299972534,103.7699966431,100.9000015259,102.9700012207,101.9931411743,25096200
2016-01-07,100.5000000000,101.4300003052,97.3000030518,97.9199981689,96.9910583496,45172900
2016-01-08,99.8799972534,100.5000000000,97.0299987793,97.3300018311,96.4066543579,35402300
2016-01-11,97.9100036621,98.5999984741,95.3899993896,97.5100021362,96.5849456787,29932400
2016-01-12,99.0000000000,99.9599990845,97.5500030518,99.3700027466,98.4273071289,28395400
2016-01-13,100.5800018311,100.5800018311,95.2099990845,95.4400024414,94.5345764160,33410600
2016-01-14,95.8499984741,98.8700027466,92.4499969482,98.3700027466,97.4367828369,48658600
2016-01-15,93.9800033569,96.3799972534,93.5400009155,94.9700012207,94.0690307617,46132800
2016-01-19,96.5299987793,97.4199981689,93.9199981689,95.2600021362,94.3562927246,30998300
2016-01-20,92.8300018311,95.0000000000,89.3700027466,94.3499984741,93.4549179077,59051400
2016-01-21,94.9100036621,95.9899978638,92.6200027466,94.1600036621,93.2667083740,30518900
2016-01-22,96.4100036621,98.0699996948,95.4899978638,97.9400024414,97.0108489990,30495400
2016-01-25,98.7200012207,99.4800033569,96.9300003052,97.0100021362,96.0896835327,32482000
2016-01-26,97.7600021362,97.8799972534,95.6600036621,97.3399963379,96.4165573120,26877100
2016-01-27,97.7900009155,97.8499984741,94.2300033569,94.4499969482,93.5539627075,58699400
2016-01-28,107.1999969482,110.3399963379,104.8099975586,109.1100006104,108.0749053955,107475300
2016-01-29,108.9899978638,112.8399963379,108.8399963379,112.2099990845,111.1454849243,62739500
2016-02-01,112.2699966431,115.7200012207,112.0100021362,115.0899963379,113.9981613159,46132700
2016-02-02,114.8000030518,117.5899963379,113.1999969482,114.6100006104,113.5227203369,59778600
2016-02-03,115.2699966431,115.3399963379,109.7500000000,112.6900024414,111.6209182739,56919300
2016-02-04,111.8000030518,111.9400024414,109.2500000000,110.4899978638,109.4417800903,38890200
2016-02-05,109.5100021362,109.5800018311,103.1800003052,104.0699996948,103.0827026367,76894700
2016-02-08,100.4100036621,102.6800003052,97.4599990845,99.7500000000,98.8037109375,71229700
2016-02-09,97.1399993896,102.4000015259,96.8199996948,99.5400009155,98.5956878662,62709000
2016-02-10,101.5500030518,103.2500000000,100.2399978638,101.0000000000,100.0418472290,45179400
2016-02-11,99.5999984741,105.1100006104,98.8799972534,101.9100036621,100.9432144165,43670600
2016-02-12,103.7399978638,104.2399978638,101.0899963379,102.0100021362,101.0422515869,36176800
2016-02-16,103.8000030518,103.9300003052,100.2399978638,101.6100006104,100.6460418701,45687200
2016-02-17,102.0199966431,105.7200012207,100.4000015259,105.1999969482,104.2019805908,44073400
2016-02-18,105.8000030518,106.0000000000,103.0299987793,103.4700012207,102.4883956909,29593500
2016-02-19,102.5500030518,105.0199966431,102.0599975586,104.5699996948,103.5779571533,32404500
2016-02-22,105.4899978638,108.2500000000,105.3399963379,107.1600036621,106.1433868408,35709700
2016-02-23,106.8499984741,107.4700012207,105.1200027466,105.4599990845,104.4595108032,25319300
2016-02-24,104.2099990845,106.9499969482,102.7399978638,106.8799972534,105.8660507202,34412400
2016-02-25,107.1100006104,108.0699996948,105.6100006104,108.0699996948,107.0447540283,29906300
2016-02-26,108.6999969482,109.4499969482,107.1600036621,107.9199981689,106.8961944580,26686200
2016-02-29,107.5999984741,108.9100036621,106.7500000000,106.9199981689,105.9056777954,32779000
2016-03-01,107.8300018311,109.8199996948,107.5999984741,109.8199996948,108.7781677246,26817300
2016-03-02,109.6800003052,110.5500030518,108.7699966431,109.9499969482,108.9069366455,25670200
2016-03-03,110.2500000000,110.3000030518,108.5400009155,109.5800018311,108.5404434204,21353100
2016-03-04,110.0500030518,110.0500030518,107.9300003052,108.3899993896,107.3617248535,24938900
2016-03-07,108.0699996948,108.0699996948,104.7200012207,105.7300033569,104.7269592285,31436400
2016-03-08,104.7799987793,107.3700027466,104.4000015259,105.9300003052,104.9250564575,25617000
2016-03-09,106.6999969482,107.5100021362,105.4899978638,107.5100021362,106.4900741577,20493300
2016-03-10,107.9100036621,108.6600036621,105.7699966431,107.3199996948,106.3018722534,24854300
2016-03-11,108.4800033569,109.4199981689,107.9199981689,109.4100036621,108.3720550537,20697600
2016-03-14,109.2799987793,110.3300018311,108.7699966431,109.8899993896,108.8474884033,17249400
2016-03-15,109.1100006104,110.8300018311,108.8399963379,110.6699981689,109.6200866699,17618500
2016-03-16,110.4899978638,112.5000000000,110.0999984741,112.1800003052,111.1157760620,24744800
2016-03-17,112.1500015259,112.6900024414,110.7300033569,111.0199966431,109.9667739868,24241200
2016-03-18,111.5599975586,112.4199981689,110.2699966431,111.4499969482,110.3926925659,36256900
2016-03-21,111.6600036621,112.3700027466,111.0299987793,111.8499984741,110.7889099121,18448000
2016-03-22,111.3600006104,112.8799972534,111.1699981689,112.2500000000,111.1851119995,19001100
2016-03-23,112.0100021362,113.1900024414,112.0000000000,112.5400009155,111.4723510742,18562000
2016-03-24,112.1299972534,113.0899963379,111.6800003052,113.0500030518,111.9775238037,17839100
2016-03-28,113.3199996948,114.5899963379,112.9499969482,113.6900024414,112.6114349365,21351800
2016-03-29,113.8300018311,116.3199996948,113.6399993896,116.1399993896,115.0381927490,29825300
2016-03-30,116.7300033569,116.9899978638,114.3600006104,114.6999969482,113.6118545532,33235200
2016-03-31,114.6999969482,115.0100021362,113.7699966431,114.0999984741,113.0175552368,21207500
2016-04-01,113.7500000000,116.1699981689,113.3499984741,116.0599975586,114.9589538574,24760500
2016-04-04,114.0699996948,114.5500030518,111.6100006104,112.5500030518,111.4822692871,48487900
2016-04-05,112.1100006104,113.3199996948,111.9000015259,112.2200012207,111.1553878784,22962400
2016-04-06,112.4700012207,113.8099975586,112.4199981689,113.7099990845,112.6312484741,20814600
2016-04-07,113.7900009155,114.8899993896,113.0699996948,113.6399993896,112.5619201660,20714500
2016-04-08,114.2500000000,114.3300018311,109.9000015259,110.6299972534,109.5804672241,48497800
2016-04-11,110.6999969482,110.9100036621,108.7699966431,108.9899978638,107.9560241699,39762300
2016-04-12,109.3399963379,111.1600036621,108.9899978638,110.6100006104,109.5606536865,26248100
2016-04-13,112.2300033569,112.6500015259,106.5199966431,110.5100021362,109.4616088867,88227400
2016-04-14,110.6200027466,112.0400009155,110.2600021362,110.8399963379,109.7884597778,28473300
2016-04-15,110.7900009155,110.9700012207,109.1999969482,109.6399993896,108.5998764038,20922800
2016-04-18,109.7399978638,110.8099975586,109.1999969482,110.4499969482,109.4021682739,21167200
2016-04-19,111.0999984741,112.4499969482,109.1600036621,112.2900009155,111.2247238159,30210500
2016-04-20,112.4300003052,113.2699966431,111.5599975586,112.4199981689,111.3534927368,21027900
2016-04-21,112.5500030518,114.0400009155,112.3099975586,113.4400024414,112.3638153076,20875200
2016-04-22,111.2099990845,111.7500000000,109.0100021362,110.5599975586,109.5111312866,38458200
2016-04-25,109.8700027466,110.6699981689,109.0699996948,110.0999984741,109.0554962158,21017900
2016-04-26,110.4899978638,110.5000000000,108.1500015259,108.7600021362,107.7282104492,22521500
2016-04-27,107.9400024414,108.9400024414,106.3099975586,108.8899993896,107.8569717407,52213100
2016-04-28,119.5800018311,120.7900009155,116.2300033569,116.7300033569,115.6225891113,87110100
2016-04-29,116.8199996948,117.8399963379,115.8399963379,117.5800018311,116.4645462036,37140600
2016-05-02,117.8300018311,118.7300033569,116.5699996948,118.5699996948,117.4451370239,28095200
2016-05-03,117.5199966431,118.1600036621,117.0199966431,117.4300003052,116.3159484863,24117500
2016-05-04,116.6100006104,118.3000030518,116.5699996948,118.0599975586,116.9399795532,23448400
2016-05-05,118.0400009155,118.9800033569,117.2500000000,117.8099975586,116.6923522949,22056700
2016-05-06,117.1600036621,119.6399993896,117.1100006104,119.4899978638,118.3564147949,26395600
2016-05-09,119.5400009155,120.2799987793,118.9000015259,119.2399978638,118.1088027954,21138100
2016-05-10,119.6200027466,120.5000000000,119.0000000000,120.5000000000,119.3568496704,23220000
2016-05-11,120.4100036621,121.0800018311,119.4199981689,119.5199966431,118.3861312866,22038400
2016-05-12,119.9800033569,120.8399963379,118.9000015259,120.2799987793,119.1389312744,22035500
2016-05-13,120.3799972534,120.6399993896,119.6800003052,119.8099975586,118.6733703613,18124300
2016-05-16,119.3799972534,119.6100006104,117.3499984741,118.6699981689,117.5442123413,31247800
2016-05-17,118.8199996948,119.0100021362,117.1999969482,117.3499984741,116.2367172241,21328600
2016-05-18,116.8000030518,118.2699966431,116.7300033569,117.6500015259,116.5338821411,21642300
2016-05-19,117.0500030518,117.4899978638,115.8799972534,116.8099975586,115.7018432617,20544100
2016-05-20,116.9599990845,117.9899978638,116.9499969482,117.3499984741,116.2367172241,18944800
2016-05-23,117.4199981689,117.5999984741,115.9400024414,115.9700012207,114.8698043823,20441000
2016-05-24,116.2399978638,117.7300033569,116.1200027466,117.6999969482,116.5833892822,20183600
2016-05-25,118.1299972534,118.6699981689,117.3799972534,117.8899993896,116.7715835571,20019800
2016-05-26,118.2399978638,119.7600021362,117.9199981689,119.4700012207,118.3366088867,18481300
2016-05-27,119.5599975586,119.8499984741,119.0100021362,119.3799972534,118.2474517822,13493600
2016-05-31,119.4599990845,120.0999984741,118.1200027466,118.8099975586,117.6828689575,23547600
2016-06-01,118.5000000000,119.0800018311,117.8199996948,118.7799987793,117.6531524658,15029500
2016-06-02,118.6900024414,119.4400024414,118.2200012207,118.9300003052,117.8017196655,13228300
2016-06-03,118.9800033569,118.9800033569,117.8600006104,118.4700012207,117.3460922241,14135100
2016-06-06,118.6200027466,119.4300003052,118.3600006104,118.7900009155,117.6630630493,12744700
2016-06-07,119.2399978638,119.3000030518,117.6699981689,117.7600021362,116.6428298950,17103000
2016-06-08,117.7600021362,118.5999984741,117.2699966431,118.3899993896,117.2668380737,14505600
2016-06-09,118.1299972534,118.6800003052,117.7099990845,118.5599975586,117.4352188110,13859200
2016-06-10,117.5400009155,118.1100006104,116.2600021362,116.6200027466,115.5136489868,18510800
2016-06-13,115.0000000000,115.4800033569,113.3099975586,113.9499969482,112.8689804077,31718200
2016-06-14,114.0699996948,114.9499969482,113.5800018311,114.9400024414,113.8495864868,17618500
2016-06-15,115.3000030518,115.4400024414,114.0699996948,114.5999984741,113.5128097534,19819400
2016-06-16,113.8700027466,114.5000000000,112.9400024414,114.3899993896,113.3048019409,19236300
2016-06-17,114.4199981689,114.4300003052,112.5599975586,113.0199966431,111.9477920532,24644300
2016-06-20,113.7699966431,114.7200012207,112.7500000000,113.3700027466,112.2944641113,20785400
2016-06-21,114.1200027466,115.2099990845,113.9700012207,114.3799972534,113.2948989868,19166300
2016-06-22,114.6500015259,114.7399978638,113.6100006104,113.9100036621,112.8293685913,14846300
2016-06-23,114.3700027466,115.0899963379,113.5400009155,115.0800018311,113.9882659912,16176900
2016-06-24,111.0100021362,113.6800003052,111.0000000000,112.0800018311,111.0167160034,40643100
2016-06-27,111.5699996948,111.5699996948,108.2300033569,108.9700012207,107.9362258911,36130400
2016-06-28,110.6299972534,112.7500000000,110.5500030518,112.6999969482,111.6308212280,26813800
2016-06-29,113.3700027466,114.2500000000,113.0400009155,114.1600036621,113.0769882202,20968300
2016-06-30,114.6699981689,115.1800003052,113.6699981689,114.2799987793,113.1958541870,23192700
2016-07-01,114.1999969482,115.1299972534,113.8099975586,114.1900024414,113.1066970825,14980000
2016-07-05,113.9400024414,114.1999969482,112.9700012207,114.1999969482,113.1166000366,14207000
2016-07-06,113.3600006104,116.7900009155,112.9700012207,116.6999969482,115.5928726196,24337600
2016-07-07,116.6299972534,116.9700012207,115.3600006104,115.8499984741,114.7509536743,16630200
2016-07-08,116.4300003052,117.5000000000,115.8499984741,117.2399978638,116.1277694702,18142600
2016-07-11,117.7099990845,118.6999969482,117.5000000000,117.8700027466,116.7517852783,17711600
2016-07-12,118.6299972534,118.7200012207,117.5699996948,117.9300003052,116.8112182617,15217700
2016-07-13,118.3899993896,118.4000015259,116.6800003052,116.7799987793,115.6721267700,16207700
2016-07-14,117.5000000000,117.6399993896,116.6999969482,117.2900009155,116.1772918701,14579700
2016-07-15,117.7399978638,118.2799987793,116.5800018311,116.8600006104,115.7513656616,16646000
2016-07-18,117.3199996948,119.6100006104,116.8899993896,119.3700027466,118.2375564575,20868400
2016-07-19,118.9899978638,120.8499984741,118.6600036621,120.6100006104,119.4657897949,21541300
2016-07-20,121.2500000000,122.1999969482,120.5599975586,121.9199981689,120.7633666992,20046500
2016-07-21,121.9199981689,122.0999984741,120.2500000000,120.6100006104,119.4657897949,17801700
2016-07-22,119.9000015259,121.0100021362,119.3099975586,121.0000000000,119.8520965576,18422400
2016-07-25,121.3899993896,121.8499984741,117.7799987793,121.6299972534,120.4761199951,18487400
2016-07-26,122.0000000000,122.0699996948,120.7500000000,121.2200012207,120.0699996948,17612000
2016-07-27,122.4199981689,125.0000000000,121.5100021362,123.3399963379,122.1698837280,52654200
2016-07-28,127.5199966431,128.3300018311,123.6299972534,125.0000000000,123.8141403198,78955800
2016-07-29,124.6500015259,125.8399963379,123.7099990845,123.9400024414,122.7641983032,35058800
2016-08-01,123.8499984741,124.5800018311,122.8600006104,124.3099975586,123.1306838989,25006900
2016-08-02,124.0599975586,124.8000030518,122.0699996948,123.0899963379,121.9222640991,23968400
2016-08-03,123.0899963379,123.9199981689,122.3099975586,122.5100021362,121.3477783203,18525300
2016-08-04,122.9400024414,124.7900009155,122.5100021362,124.3600006104,123.1802291870,21066000
2016-08-05,124.9800033569,125.8399963379,124.6200027466,125.1500015259,123.9627304077,20184000
2016-08-08,125.2500000000,125.4499969482,124.5500030518,125.2600021362,124.0716781616,15233900
2016-08-09,125.3399963379,126.0899963379,124.5299987793,125.0599975586,123.8735656738,19621000
2016-08-10,125.0699996948,125.4800033569,124.5400009155,124.8799972534,123.6952896118,10670100
2016-08-11,125.1999969482,125.3799972534,124.7500000000,124.9000015259,123.7150955200,11729500
2016-08-12,124.6999969482,125.0000000000,124.1800003052,124.8799972534,123.6952896118,12159000
2016-08-15,124.9100036621,124.9199981689,123.6999969482,123.9000015259,122.7245864868,19295100
2016-08-16,123.5000000000,123.9199981689,122.7799987793,123.3000030518,122.1302719116,14222400
2016-08-17,123.6600036621,124.3799972534,122.8499984741,124.3700027466,123.1901245117,13794200
2016-08-18,124.0100021362,124.2600021362,123.6399993896,123.9100036621,122.7344894409,12400800
2016-08-19,123.5999984741,124.1600036621,123.2799987793,123.5599975586,122.3877944946,11688300
2016-08-22,123.3300018311,124.8300018311,123.1100006104,124.1500015259,122.9722213745,14386400
2016-08-23,124.5100021362,125.0899963379,124.2500000000,124.3700027466,123.1901245117,13309500
2016-08-24,124.4700012207,124.6900024414,123.0899963379,123.4800033569,122.3085784912,12243700
2016-08-25,123.1200027466,124.3700027466,123.0999984741,123.8899993896,122.7146606445,10730800
2016-08-26,124.0500030518,125.1900024414,123.9100036621,124.9599990845,123.7745208740,17504800
2016-08-29,124.3499984741,126.7300033569,124.3499984741,126.5400009155,125.3395309448,15925900
2016-08-30,126.5999984741,126.5999984741,125.1500015259,125.8399963379,124.6461715698,17804300
2016-08-31,125.5999984741,126.2200012207,125.0999984741,126.1200027466,124.9235076904,14200600
2016-09-01,126.3799972534,126.6299972534,125.5999984741,126.1699981689,124.9730453491,13536100
2016-09-02,126.8499984741,126.8600006104,126.0000000000,126.5100021362,125.3098297119,12118800
2016-09-06,126.6699981689,129.9400024414,126.4700012207,129.7299957275,128.4992523193,26278400
2016-09-07,130.0399932861,131.9799957275,129.9499969482,131.0500030518,129.8067321777,27990800
2016-09-08,130.9199981689,131.0800018311,129.8099975586,130.2700042725,129.0341796875,15676600
2016-09-09,129.7100067139,129.9499969482,127.0999984741,127.0999984741,125.8942260742,27100700
2016-09-12,125.9599990845,128.7599945068,125.7500000000,128.6900024414,127.4691543579,21252800
2016-09-13,128.0299987793,128.3500061035,126.6600036621,127.2099990845,126.0031814575,18016200
2016-09-14,126.8899993896,128.8000030518,126.8899993896,127.7699966431,126.5578613281,15691100
2016-09-15,127.9800033569,129.1000061035,127.6699981689,128.3500061035,127.1323928833,15077200
2016-09-16,128.1999969482,129.1799926758,128.1999969482,129.0700073242,127.8455581665,24119200
2016-09-19,129.9100036621,129.9400024414,128.2599945068,128.6499938965,127.4295196533,14958800
2016-09-20,128.6499938965,129.1699981689,128.0299987793,128.6399993896,127.4196166992,11083800
2016-09-21,129.1300048828,130.0099945068,128.3899993896,129.9400024414,128.7072753906,14068300
2016-09-22,130.5000000000,130.7299957275,129.5599975586,130.0800018311,128.8459472656,15538300
2016-09-23,127.5599975586,128.6000061035,127.3000030518,127.9599990845,126.7460556030,28326300
2016-09-26,127.3700027466,128.1600036621,126.8000030518,127.3099975586,126.1022415161,15064900
2016-09-27,127.6100006104,129.0099945068,127.4300003052,128.6900024414,127.4691543579,15637100
2016-09-28,129.2100067139,129.4700012207,128.3999938965,129.2299957275,128.0040283203,12047600
2016-09-29,129.1799926758,129.2899932861,127.5500030518,128.0899963379,126.8748245239,14532200
2016-09-30,128.0299987793,128.5899963379,127.4499969482,128.2700042725,127.0531311035,18402900
2016-10-03,128.3800048828,129.0899963379,127.8000030518,128.7700042725,127.5483932495,13156900
2016-10-04,129.1699981689,129.2799987793,127.5500030518,128.1900024414,126.9738922119,14307500
2016-10-05,128.2500000000,128.8000030518,127.8300018311,128.4700012207,127.2512207031,12386800
2016-10-06,128.4299926758,129.0599975586,128.0800018311,128.7400054932,127.5186691284,11682700
2016-10-07,129.0399932861,129.2500000000,128.3300018311,128.9900054932,127.7663040161,12804400
2016-10-10,129.6799926758,130.6999969482,129.1999969482,130.2400054932,129.0044403076,15138700
2016-10-11,130.2299957275,130.6399993896,128.2299957275,128.8800048828,127.6573562622,17537900
2016-10-12,129.0099945068,129.6600036621,128.4600067139,129.0500030518,127.8257369995,11073000
2016-10-13,128.2100067139,128.2500000000,126.7500000000,127.8199996948,126.6073913574,17139300
2016-10-14,128.4900054932,128.9499969482,127.5800018311,127.8799972534,126.6668319702,13345300
2016-10-17,128.1999969482,128.4700012207,127.3199996948,127.5400009155,126.3300476074,11351700
2016-10-18,128.6799926758,129.3899993896,128.0099945068,128.5700073242,127.3502960205,13504000
2016-10-19,128.7400054932,130.4700012207,128.6000061035,130.1100006104,128.8756713867,16752300
2016-10-20,130.0700073242,130.6600036621,129.5000000000,130.0000000000,128.7667236328,13167500
2016-10-21,129.7799987793,132.1300048828,129.6999969482,132.0700073242,130.8170471191,19088800
2016-10-24,132.7200012207,133.4100036621,132.1499938965,133.2799987793,132.0155944824,17470200
2016-10-25,133.5000000000,133.5000000000,132.2200012207,132.2899932861,131.0350036621,13336800
2016-10-26,131.6399993896,132.2599945068,130.9400024414,131.0399932861,129.7968597412,13084700
2016-10-27,131.7400054932,131.8000030518,129.2700042725,129.6900024414,128.4596710205,16741400
2016-10-28,130.5000000000,132.9700012207,129.9299926758,131.2899932861,130.0444946289,24545500
2016-10-31,132.0099945068,132.1199951172,130.8800048828,130.9900054932,129.7473297119,15669000
2016-11-01,131.4100036621,131.9400024414,128.6499938965,129.5000000000,128.2714691162,22077800
2016-11-02,130.2299957275,130.2299957275,126.2799987793,127.1699981689,125.9635543823,39640900
2016-11-03,122.0000000000,123.2799987793,119.5000000000,120.0000000000,118.8615875244,63766300
2016-11-04,119.5899963379,121.9300003052,119.2500000000,120.7500000000,119.6044692993,30545500
2016-11-07,122.8300018311,123.2099990845,121.3499984741,122.1500015259,120.9912033081,23008900
2016-11-08,122.0299987793,124.6100006104,121.5400009155,124.2200012207,123.0415344238,19460800
2016-11-09,121.5000000000,123.8099975586,120.5100021362,123.1800003052,122.0114212036,31916000
2016-11-10,123.9300003052,124.1800003052,115.2699966431,120.8000030518,119.6539916992,67846700
2016-11-11,119.5299987793,120.6999969482,118.1500015259,119.0199966431,117.8908691406,32840100
2016-11-14,119.1299972534,119.1299972534,113.5500030518,115.0800018311,113.9882659912,51377000
2016-11-15,116.7300033569,118.4899978638,115.8300018311,117.1999969482,116.0881347656,34681400
2016-11-16,114.4800033569,117.8799972534,114.2099990845,116.3399963379,115.2363052368,32397900
2016-11-17,116.8099975586,117.7900009155,116.0100021362,117.7900009155,116.6725311279,18597800
2016-11-18,118.3899993896,119.1299972534,116.8399963379,117.0199966431,115.9098434448,22879300
2016-11-21,118.1999969482,121.9499969482,117.8000030518,121.7699966431,120.6147842407,35415400
2016-11-22,122.4000015259,122.9800033569,120.9000015259,121.4700012207,120.3176269531,26089200
2016-11-23,121.2300033569,121.3099975586,119.9400024414,120.8399963379,119.6936187744,15672100
2016-11-25,121.0100021362,121.1399993896,120.0699996948,120.3799972534,119.2379608154,8658600
2016-11-28,120.1200027466,121.6900024414,119.8199996948,120.4100036621,119.2677001953,18101300
2016-11-29,120.5699996948,122.0999984741,120.4000015259,120.8700027466,119.7233428955,18891000
2016-11-30,120.3199996948,121.7900009155,117.9499969482,118.4199981689,117.2965698242,30188900
2016-12-01,118.3799972534,118.4499969482,114.0000000000,115.0999984741,114.0080566406,43277000
2016-12-02,115.1100006104,116.4800033569,114.3000030518,115.4000015259,114.3052215576,25070400
2016-12-05,115.9499969482,117.5699996948,115.0699996948,117.4300003052,116.3159484863,20201500
2016-12-06,117.6900024414,117.8000030518,116.3300018311,117.3099975586,116.1970977783,19131200
2016-12-07,117.0000000000,117.9499969482,116.5699996948,117.9499969482,116.8310241699,21913700
2016-12-08,117.9800033569,119.5000000000,117.6399993896,118.9100036621,117.7819290161,22442800
2016-12-09,119.2200012207,119.9400024414,118.9499969482,119.6800003052,118.5446166992,17464700
2016-12-12,119.2200012207,119.2399978638,117.6500015259,117.7699966431,116.6527252197,17805500
2016-12-13,117.8600006104,121.5199966431,117.6100006104,120.3099975586,119.1686401367,29768000
2016-12-14,120.0000000000,121.6900024414,118.8499984741,120.2099990845,119.0695800781,25913100
2016-12-15,120.0800018311,122.5000000000,119.6299972534,120.5699996948,119.4261703491,20139600
2016-12-16,120.9000015259,121.5000000000,119.2699966431,119.8700027466,118.7328109741,25324300
2016-12-19,119.8499984741,120.3600006104,118.5100021362,119.2399978638,118.1088027954,15918100
2016-12-20,119.5000000000,119.7699966431,118.8000030518,119.0899963379,117.9601974487,13684400
2016-12-21,118.9199981689,119.1999969482,118.4800033569,119.0400009155,117.9106903076,10767600
2016-12-22,118.8600006104,118.9899978638,116.9300003052,117.4000015259,116.2862472534,16258600
2016-12-23,117.0000000000,117.5599975586,116.3000030518,117.2699966431,116.1574630737,10890000
2016-12-27,116.9599990845,118.6800003052,116.8600006104,118.0100021362,116.8904647827,12051500
2016-12-28,118.1900024414,118.2500000000,116.6500015259,116.9199981689,115.8107910156,12087400
2016-12-29,117.0000000000,117.5299987793,116.0599975586,116.3499984741,115.2462158203,9934900
2016-12-30,116.5999984741,116.8300018311,114.7699966431,115.0500030518,113.9585494995,18684100
2017-01-03,116.0299987793,117.8399963379,115.5100021362,116.8600006104,115.7513656616,20663900
2017-01-04,117.5500030518,119.6600036621,117.2900009155,118.6900024414,117.5640106201,19630900
2017-01-05,118.8600006104,120.9499969482,118.3199996948,120.6699981689,119.5252227783,19492200
2017-01-06,120.9800033569,123.8799972534,120.0299987793,123.4100036621,122.2392349243,28545300
2017-01-09,123.5500030518,125.4300003052,123.0400009155,124.9000015259,123.7150955200,22880400
2017-01-10,124.8199996948,125.5000000000,124.2799987793,124.3499984741,123.1703186035,17324600
2017-01-11,124.3499984741,126.1200027466,124.0599975586,126.0899963379,124.8938064575,18356500
2017-01-12,125.6100006104,126.7300033569,124.8000030518,126.6200027466,125.4187698364,18653900
2017-01-13,127.4899978638,129.2700042725,127.3700027466,128.3399963379,127.1224594116,24884300
2017-01-17,128.0399932861,128.3399963379,127.4000015259,127.8700027466,126.6569213867,15294500
2017-01-18,128.4100036621,128.4299926758,126.8399963379,127.9199981689,126.7064285278,13145900
2017-01-19,128.2299957275,128.3500061035,127.4499969482,127.5500030518,126.3399581909,12195500
2017-01-20,128.1000061035,128.4799957275,126.7799987793,127.0400009155,125.8348007202,19097200
2017-01-23,127.3099975586,129.2500000000,126.9499969482,128.9299926758,127.7068557739,16593600
2017-01-24,129.3800048828,129.8999938965,128.3800048828,129.3699951172,128.1426696777,15162700
2017-01-25,130.0000000000,131.7400054932,129.7700042725,131.4799957275,130.2326507568,18731300
2017-01-26,131.6300048828,133.1399993896,131.4400024414,132.7799987793,131.5203399658,20020100
2017-01-27,132.6799926758,132.9499969482,131.0800018311,132.1799926758,130.9260253906,19539500
2017-01-30,131.5800018311,131.5800018311,129.6000061035,130.9799957275,129.7374267578,18956100
2017-01-31,130.1699981689,130.6600036621,129.5200042725,130.3200073242,129.0837097168,19790500
2017-02-01,132.2500000000,133.4900054932,130.6799926758,133.2299957275,131.9660797119,50139800
2017-02-02,133.2200012207,135.4900054932,130.3999938965,130.8399963379,129.5987396240,54366400
2017-02-03,131.2400054932,132.8500061035,130.7599945068,130.9799957275,129.7374267578,24804900
2017-02-06,130.9799957275,132.0599975586,130.3000030518,132.0599975586,130.8071899414,17058500
2017-02-07,132.2400054932,133.0000000000,131.6600036621,131.8399963379,130.5892486572,14596400
2017-02-08,132.6000061035,134.4400024414,132.4400024414,134.1999969482,132.9268646240,22390600
2017-02-09,134.4900054932,134.5000000000,133.3099975586,134.1399993896,132.8674316406,16470600
2017-02-10,134.1000061035,134.9400024414,133.6799926758,134.1900024414,132.9169616699,15061900
2017-02-13,134.6999969482,134.6999969482,133.6999969482,134.0500030518,132.7782592773,13526200
2017-02-14,134.1000061035,134.2299957275,132.5500030518,133.8500061035,132.5802001953,14364900
2017-02-15,133.4499969482,133.6999969482,132.6600036621,133.4400024414,132.1740875244,13226500
2017-02-16,133.0700073242,133.8699951172,133.0200042725,133.8399963379,132.5702819824,12831100
2017-02-17,133.5000000000,134.0899963379,133.1699981689,133.5299987793,132.2632141113,12276500
2017-02-21,133.5000000000,133.9100036621,132.8999938965,133.7200012207,132.4514160156,14759100
2017-02-22,133.6000061035,136.7899932861,133.4600067139,136.1199951172,134.8286590576,27360100
2017-02-23,135.8899993896,136.1199951172,134.3300018311,135.3600006104,134.0758819580,18422500
2017-02-24,134.1600036621,135.6199951172,134.1600036621,135.4400024414,134.1551055908,12625700
2017-02-27,135.2599945068,137.1799926758,135.0200042725,136.4100036621,135.1158905029,14306700
2017-02-28,136.7899932861,136.8099975586,134.7500000000,135.5399932861,134.2541351318,16112100
2017-03-01,136.4700012207,137.4799957275,136.3000030518,137.4199981689,136.1163177490,16257000
2017-03-02,137.0899963379,137.8200073242,136.3099975586,136.7599945068,135.4625854492,12294800
2017-03-03,136.6300048828,137.3300018311,136.0800018311,137.1699981689,135.8686828613,11160600
2017-03-06,136.8800048828,137.8300018311,136.5099945068,137.4199981689,136.1163177490,12748200
2017-03-07,137.0299987793,138.3699951172,136.9900054932,137.3000030518,135.9974670410,13527100
2017-03-08,137.1499938965,137.9900054932,137.0500030518,137.7200012207,136.4134979248,10184500
2017-03-09,137.7200012207,138.5700073242,137.3999938965,138.2400054932,136.9285278320,15535300
2017-03-10,138.9100036621,139.4900054932,138.2200012207,138.7899932861,137.4733123779,16314100
2017-03-13,138.7100067139,139.6799926758,138.6699981689,139.6000061035,138.2756195068,10955500
2017-03-14,139.4600067139,139.4600067139,138.5200042725,139.3200073242,137.9983062744,12944000
2017-03-15,139.2899932861,140.1000061035,138.4900054932,139.7200012207,138.3945312500,19344800
2017-03-16,140.1999969482,140.2500000000,139.7299957275,139.9900054932,138.6619415283,13612900
2017-03-17,140.3399963379,140.3399963379,139.6999969482,139.8399963379,138.5133666992,20592800
2017-03-20,139.7100067139,140.1900024414,139.2500000000,139.9400024414,138.6123962402,12099500
2017-03-21,141.1499938965,142.3099975586,138.3999938965,138.5099945068,137.1959686279,29894800
2017-03-22,137.9299926758,139.7899932861,137.6000061035,139.5899963379,138.2657318115,17055400
2017-03-23,139.4799957275,140.3899993896,139.0899963379,139.5299987793,138.2062835693,13022800
2017-03-24,140.0800018311,141.0200042725,139.7599945068,140.3399963379,139.0085754395,16664700
2017-03-27,139.0500030518,140.6499938965,138.7700042725,140.3200073242,138.9887695312,12800500
2017-03-28,140.3600006104,141.9499969482,140.0099945068,141.7599945068,140.4151458740,14679400
2017-03-29,141.9900054932,142.8600006104,141.4299926758,142.6499938965,141.2967071533,16527600
2017-03-30,142.3999938965,142.9499969482,141.8500061035,142.4100036621,141.0589904785,12404000
2017-03-31,142.3099975586,142.6300048828,141.8899993896,142.0500030518,140.7024078369,11478300
2017-04-03,141.9299926758,142.4700012207,140.8200073242,142.2799987793,140.9302062988,13564000
2017-04-04,141.8600006104,142.0899963379,141.2700042725,141.7299957275,140.3854370117,12948600
2017-04-05,142.2599945068,143.4400024414,141.2899932861,141.8500061035,140.5043029785,17158100
2017-04-06,142.1100006104,142.2200012207,140.9100036621,141.1699981689,139.8307647705,15103400
2017-04-07,141.1999969482,141.5500030518,140.2400054932,140.7799987793,139.4444427490,11818300
2017-04-10,141.0000000000,141.4299926758,140.6300048828,141.0399932861,139.7019958496,9039400
2017-04-11,140.8000030518,141.0299987793,138.8099975586,139.9199981689,138.5926208496,16638100
2017-04-12,139.7200012207,140.3999938965,139.4400024414,139.5800018311,138.2558288574,11612500
2017-04-13,139.6199951172,140.5800018311,139.3300018311,139.3899993896,138.0676116943,10965600
2017-04-17,139.7599945068,141.5500030518,139.7500000000,141.4199981689,140.0783538818,11519700
2017-04-18,141.2700042725,141.9100036621,140.6100006104,140.9600067139,139.6227569580,14807500
2017-04-19,141.3500061035,143.0399932861,141.2700042725,142.2700042725,140.9203338623,15563900
2017-04-20,142.9499969482,144.2500000000,142.6900024414,143.8000030518,142.4357910156,15968200
2017-04-21,143.8999938965,144.1699981689,142.2700042725,143.6799926758,142.3169250488,12382000
2017-04-24,144.9600067139,145.6699981689,144.3399963379,145.4700012207,144.0899658203,14407200
2017-04-25,145.7899932861,147.1499938965,145.7899932861,146.4900054932,145.1002807617,17767500
2017-04-26,147.0899963379,147.5899963379,146.0899963379,146.5599975586,145.1696166992,12395000
2017-04-27,146.6699981689,147.7500000000,146.1399993896,147.6999969482,146.2987976074,11275100
2017-04-28,149.5000000000,151.5299987793,149.0700073242,150.2500000000,148.8245849609,30652200
2017-05-01,151.7400054932,152.5700073242,151.4199981689,152.4600067139,151.0136413574,25218300
2017-05-02,153.3399963379,153.4400024414,151.6600036621,152.7799987793,151.3306121826,21870400
2017-05-03,153.6000061035,153.6000061035,151.3399963379,151.8000030518,150.3598785400,29782500
2017-05-04,150.1699981689,151.5200042725,148.7200012207,150.8500061035,149.4188995361,36225500
2017-05-05,151.4499969482,151.6300048828,149.7899932861,150.2400054932,148.8147125244,17148500
2017-05-08,150.7100067139,151.0800018311,149.7400054932,151.0599975586,149.6269073486,15827500
2017-05-09,151.4900054932,152.5899963379,150.2100067139,150.4799957275,149.0524139404,17453900
2017-05-10,150.2299957275,150.5200042725,148.8600006104,150.2899932861,148.8642272949,12080700
2017-05-11,150.3099975586,150.6499938965,149.4100036621,150.0399932861,148.6165771484,11841900
2017-05-12,150.3999938965,150.4600067139,149.6300048828,150.3300018311,148.9038696289,9598200
2017-05-15,150.1699981689,151.4799957275,149.7700042725,150.1900024414,148.7651672363,15064700
2017-05-16,150.1100006104,150.2100067139,149.0299987793,149.7799987793,148.3590850830,14550800
2017-05-17,148.0000000000,148.6699981689,144.4199981689,144.8500061035,143.4758453369,28300100
2017-05-18,144.7200012207,148.1499938965,144.5099945068,147.6600036621,146.2591705322,23031600
2017-05-19,148.4499969482,149.3899993896,147.9600067139,148.0599975586,146.6553802490,16187900
2017-05-22,148.0800018311,148.5899963379,147.6900024414,148.2400054932,146.8336944580,12586700
2017-05-23,148.5200042725,148.8099975586,147.2500000000,148.0700073242,146.6652832031,12817800
2017-05-24,148.5099945068,150.2299957275,148.4199981689,150.0399932861,148.6165771484,17862400
2017-05-25,150.3000030518,152.5899963379,149.9499969482,151.9600067139,150.5183868408,19891400
2017-05-26,152.2299957275,152.2500000000,151.1499938965,152.1300048828,150.6867675781,14996200
2017-05-30,151.9700012207,152.8999938965,151.6399993896,152.3800048828,150.9344177246,13226000
2017-05-31,152.6999969482,153.3500061035,151.0899963379,151.4600067139,150.0231323242,18023900
2017-06-01,151.7500000000,152.2899932861,150.3000030518,151.5299987793,150.0924530029,14530600
2017-06-02,151.8500061035,153.6300048828,151.3000030518,153.6100006104,152.1527557373,16854400
2017-06-05,153.6399993896,154.7100067139,153.4100036621,153.6300048828,152.1725463867,12520400
2017-06-06,153.4100036621,154.5200042725,152.4799957275,152.8099975586,151.3603210449,13457100
2017-06-07,153.2700042725,153.7500000000,152.3399963379,153.1199951172,151.6673889160,12066700
2017-06-08,154.0800018311,154.7299957275,153.1000061035,154.7100067139,153.2422943115,17799400
2017-06-09,154.7700042725,155.5899963379,146.6100006104,149.6000061035,148.1807861328,35577700
2017-06-12,148.1699981689,149.1999969482,144.5599975586,148.4400024414,147.0317535400,33170200
2017-06-13,150.1499938965,151.1799926758,148.8999938965,150.6799926758,149.2505187988,20483400
2017-06-14,151.2599945068,152.3999938965,149.0500030518,150.2500000000,148.8245849609,20808800
2017-06-15,147.6699981689,150.0399932861,146.3699951172,149.8000030518,148.3788757324,18994200
2017-06-16,149.5899963379,150.8300018311,148.6000061035,150.6399993896,149.2109069824,22882400
2017-06-19,151.7100067139,153.5700073242,151.7100067139,152.8699951172,151.4197387695,19026500
2017-06-20,152.8800048828,153.8399963379,152.2100067139,152.2500000000,150.8056182861,14743900
2017-06-21,152.3600006104,154.0800018311,151.8800048828,153.9100036621,152.4498596191,15039800
2017-06-22,153.0099945068,154.5500030518,152.9100036621,153.3999938965,151.9446868896,13005500
2017-06-23,152.7200012207,155.1999969482,152.6499938965,155.0700073242,153.5988922119,18027000
2017-06-26,156.2500000000,156.5000000000,153.1999969482,153.5899963379,152.1329193115,18049700
2017-06-27,152.8399963379,153.3099975586,150.3899993896,150.5800018311,149.1514892578,19360800
2017-06-28,150.9199981689,153.4700012207,149.8600006104,153.2400054932,151.7862548828,16719100
2017-06-29,152.2799987793,152.5000000000,148.9199981689,151.0399932861,149.6070709229,23973500
2017-06-30,151.8999938965,151.9199981689,150.0599975586,150.9799957275,149.5476684570,17666000
2017-07-03,151.7200012207,152.1499938965,147.8000030518,148.4299926758,147.0218658447,13862700
2017-07-05,149.0000000000,150.8500061035,148.1300048828,150.3399963379,148.9137420654,14334300
2017-07-06,149.0299987793,150.0399932861,148.0000000000,148.8200073242,147.4081573486,14951800
2017-07-07,149.2500000000,151.9900054932,149.1900024414,151.4400024414,150.0033264160,13615900
2017-07-10,151.6900024414,153.9799957275,151.5099945068,153.5000000000,152.0437469482,13378700
2017-07-11,153.3699951172,155.4199981689,152.9100036621,155.2700042725,153.7970123291,13667700
2017-07-12,156.4900054932,159.1600036621,156.1999969482,158.8999938965,157.3925476074,22739400
2017-07-13,158.7400054932,159.7799987793,158.4199981689,159.2599945068,157.7491302490,13929200
2017-07-14,160.1300048828,160.3200073242,159.3300018311,159.9700012207,158.4523925781,16371200
2017-07-17,160.2500000000,160.7799987793,158.8099975586,159.7299957275,158.2146606445,12858800
2017-07-18,159.6600036621,163.7299957275,159.4199981689,162.8600006104,161.3149719238,23722900
2017-07-19,163.5899963379,165.6999969482,163.1699981689,164.1399993896,162.5828247070,26273600
2017-07-20,164.8000030518,165.0000000000,162.8099975586,164.5299987793,162.9691314697,18523100
2017-07-21,164.1600036621,165.0500030518,163.7500000000,164.4299926758,162.8700714111,14744000
2017-07-24,164.6399993896,166.1699981689,164.3099975586,166.0000000000,164.4252166748,17367000
2017-07-25,165.0099945068,165.5399932861,163.8600006104,165.2799987793,163.7120208740,15383200
2017-07-26,166.0099945068,166.0099945068,164.1000061035,165.6100006104,164.0388946533,35236900
2017-07-27,174.6999969482,175.4900054932,167.5000000000,170.4400024414,168.8230590820,68910700
2017-07-28,169.0700073242,173.4299926758,169.0500030518,172.4499969482,170.8139953613,24557600
2017-07-31,172.0000000000,172.7200012207,168.5500030518,169.2500000000,167.6443328857,25478900
2017-08-01,169.8200073242,170.4700012207,169.0500030518,169.8600006104,168.2485656738,14385000
2017-08-02,170.3000030518,170.5500030518,166.9100036621,169.3000030518,167.6938781738,17433800
2017-08-03,169.3000030518,169.6999969482,168.2500000000,168.5899963379,166.9906311035,10793800
2017-08-04,168.9700012207,170.0599975586,168.6900024414,169.6199951172,168.0108337402,10777700
2017-08-07,169.9499969482,172.0599975586,169.6600036621,171.9799957275,170.3484497070,12787800
2017-08-08,171.8800048828,173.0500030518,170.6199951172,171.2299957275,169.6055450439,14393500
2017-08-09,169.9799957275,171.4499969482,169.5599975586,171.1799926758,169.5560302734,10815000
2017-08-10,170.0599975586,170.5899963379,166.8500061035,167.3999938965,165.8118896484,20832700
2017-08-11,167.9499969482,168.8200073242,166.8500061035,168.0800018311,166.4854278564,13791200
2017-08-14,170.0899963379,171.0800018311,169.2899932861,170.7500000000,169.1301422119,12954200
2017-08-15,171.4900054932,171.5000000000,170.0099945068,171.0000000000,169.3777465820,8729200
2017-08-16,171.2500000000,171.3800048828,169.2400054932,170.0000000000,168.3872375488,15779900
2017-08-17,169.3399963379,169.8600006104,166.8500061035,166.9100036621,165.3265380859,17216000
2017-08-18,166.8399963379,168.6699981689,166.2100067139,167.4100036621,165.8218078613,15093600
2017-08-21,167.1600036621,168.0000000000,165.8200073242,167.7799987793,166.1883087158,11907500
2017-08-22,168.2799987793,169.8699951172,167.1499938965,169.6399993896,168.0306549072,11391000
2017-08-23,168.8399963379,169.3600006104,168.1999969482,168.7100067139,167.1094818115,9856500
2017-08-24,168.8800048828,169.2899932861,166.4100036621,167.7400054932,166.1486816406,14030400
2017-08-25,167.8600006104,168.3800048828,166.1799926758,166.3200073242,164.7421722412,12614500
2017-08-28,166.9100036621,167.6999969482,166.3300018311,167.2400054932,165.6534118652,8553700
2017-08-29,165.2500000000,168.4299926758,165.0000000000,168.0500030518,166.4557342529,11121000
2017-08-30,168.1699981689,170.1799926758,167.6300048828,169.9199981689,168.3079986572,11138300
2017-08-31,170.3999938965,172.1499938965,170.0599975586,171.9700012207,170.3385467529,17226500
2017-09-01,172.3999938965,172.9199981689,171.3099975586,172.0200042725,170.3880767822,11677600
2017-09-05,171.2700042725,172.3899993896,169.5500030518,170.7200012207,169.1004028320,13210900
2017-09-06,170.9100036621,172.4799957275,169.5700073242,172.0899963379,170.4574279785,13906300
2017-09-07,171.9400024414,173.3099975586,170.2700042725,173.2100067139,171.5667877197,18049500
2017-09-08,173.0899963379,173.4900054932,170.8000030518,170.9499969482,169.3282318115,10998500
2017-09-11,172.3999938965,173.8899993896,172.1999969482,173.5099945068,171.8639221191,12372000
2017-09-12,173.7599945068,174.0000000000,171.7500000000,172.9600067139,171.3191680908,11186300
2017-09-13,173.0099945068,173.1699981689,172.0599975586,173.0500030518,171.4083099365,9119300
2017-09-14,172.2599945068,172.2799987793,170.5000000000,170.9600067139,169.3381500244,15615700
2017-09-15,170.8800048828,172.3399963379,170.2599945068,171.6399993896,170.0117034912,15660500
2017-09-18,171.9900054932,172.0700073242,169.3399963379,170.0099945068,168.3971405029,12954000
2017-09-19,170.6199951172,172.5599975586,170.3600006104,172.5200042725,170.8833465576,13168600
2017-09-20,172.5000000000,173.0500030518,170.6999969482,172.1699981689,170.5366516113,12264100
2017-09-21,171.6900024414,172.2700042725,170.0099945068,171.1100006104,169.4867095947,11161400
2017-09-22,170.2100067139,171.7299957275,169.2200012207,170.5399932861,168.9220886230,12097100
2017-09-25,169.2400054932,169.3000030518,161.5599975586,162.8699951172,161.3248748779,41251600
2017-09-26,164.5000000000,165.5000000000,162.7799987793,164.2100067139,162.6521759033,23363300
2017-09-27,165.8999938965,168.3399963379,165.5700073242,167.6799926758,166.0892639160,19242500
2017-09-28,167.9400024414,169.0700073242,167.1600036621,168.7299957275,167.1292877197,12178700
2017-09-29,168.8300018311,171.6600036621,168.8099975586,170.8699951172,169.2489776611,15340400
2017-10-02,171.3899993896,171.8699951172,168.7500000000,169.4700012207,167.8622894287,13392300
2017-10-03,169.3000030518,170.7299957275,169.1999969482,169.9600067139,168.3476104736,8190300
2017-10-04,169.8300018311,170.6699981689,168.2899932861,168.4199981689,166.8222198486,12127900
2017-10-05,169.1799926758,171.3099975586,168.6000061035,171.2400054932,169.6154785156,14580600
2017-10-06,170.2500000000,172.3699951172,169.7500000000,172.2299957275,170.5960693359,13124500
2017-10-09,172.6999969482,174.8800048828,172.0000000000,172.5000000000,170.8635253906,14570400
2017-10-10,173.0000000000,173.1999969482,170.8000030518,171.5899963379,169.9621582031,11341100
2017-10-11,171.9499969482,172.7799987793,171.3999938965,172.7400054932,171.1012420654,11283700
2017-10-12,172.6100006104,173.8500061035,172.2899932861,172.5500030518,170.9130554199,10351000
2017-10-13,173.4499969482,174.6499938965,173.1999969482,173.7400054932,172.0917510986,13658300
2017-10-16,174.4900054932,175.0000000000,174.0599975586,174.5200042725,172.8643493652,11498800
2017-10-17,174.7100067139,176.1300048828,174.3600006104,176.1100006104,174.4392852783,15990100
2017-10-18,176.6499938965,176.7400054932,175.7500000000,176.0299987793,174.3600006104,12752400
2017-10-19,174.9299926758,176.0299987793,172.6300048828,174.5599975586,172.9039916992,14048400
2017-10-20,175.5000000000,175.8800048828,174.6300048828,174.9799957275,173.3200073242,12602200
2017-10-23,175.1999969482,175.3399963379,171.2500000000,171.2700042725,169.6452026367,13852700
2017-10-24,172.3000030518,173.2400054932,171.5000000000,171.8000030518,170.1701660156,12267900
2017-10-25,171.8999938965,172.2500000000,168.8899993896,170.6000061035,168.9815521240,15868200
2017-10-26,171.3800048828,172.2899932861,170.3899993896,170.6300048828,169.0112762451,11833100
2017-10-27,174.1499938965,178.2100067139,173.8999938965,177.8800048828,176.1924896240,30285300
2017-10-30,179.2599945068,180.6900024414,177.6100006104,179.8699951172,178.1635894775,24353200
2017-10-31,180.5700073242,180.8000030518,178.9400024414,180.0599975586,178.3517761230,20174200
2017-11-01,182.3600006104,182.8999938965,180.5700073242,182.6600036621,180.9271240234,40918300
2017-11-02,180.6300048828,181.9400024414,177.3399963379,178.9199981689,177.2226409912,35529900
2017-11-03,179.2899932861,179.8600006104,176.7100067139,178.9199981689,177.2226409912,17822100
2017-11-06,178.5599975586,180.4499969482,178.3099975586,180.1699981689,178.4607543945,13312700
2017-11-07,180.5000000000,180.7500000000,178.9600067139,180.2500000000,178.5400238037,12928200
2017-11-08,179.7899932861,180.3500061035,179.1100006104,179.5599975586,177.8565368652,10494100
2017-11-09,178.3099975586,179.3999938965,177.0899963379,179.3000030518,177.5990142822,12610300
2017-11-10,178.3500061035,179.1000061035,177.9600067139,178.4600067139,176.7669830322,11070200
2017-11-13,177.5000000000,179.0399932861,177.3000030518,178.7700042725,177.0740203857,9523400
2017-11-14,178.1300048828,178.9700012207,177.1799926758,178.0700073242,176.3806915283,9585900
2017-11-15,176.6600036621,178.5700073242,176.3999938965,177.9499969482,176.2618255615,10253700
2017-11-16,178.7599945068,179.8300018311,178.5000000000,179.5899963379,177.8862915039,15607600
2017-11-17,179.3000030518,179.9799957275,178.8999938965,179.0000000000,177.3018493652,13018000
2017-11-20,178.8699951172,179.5000000000,178.1000061035,178.7400054932,177.0443267822,10052400
2017-11-21,179.1499938965,181.8899993896,178.9900054932,181.8600006104,180.1347198486,14504000
2017-11-22,181.3000030518,181.7299957275,180.4400024414,180.8699951172,179.1541137695,10376300
2017-11-24,180.3999938965,183.1499938965,180.2899932861,182.7799987793,181.0459899902,9426300
2017-11-27,182.5599975586,183.7299957275,181.9900054932,183.0299987793,181.2936096191,12344500
2017-11-28,183.5099945068,184.2500000000,182.0899963379,182.4199981689,180.6894226074,14379700
2017-11-29,181.8899993896,181.9700012207,174.0000000000,175.1300048828,173.4685668945,41933500
2017-11-30,176.8500061035,178.2799987793,175.1999969482,177.1799926758,175.4991302490,25307600
2017-12-01,176.0299987793,177.4799957275,172.3399963379,175.1000061035,173.4388580322,20182500
2017-12-04,176.2899932861,176.5700073242,170.7899932861,171.4700012207,169.8433074951,24459400
2017-12-05,170.4499969482,175.3800048828,169.0099945068,172.8300018311,171.1903839111,20184900
2017-12-06,172.5000000000,176.7700042725,171.8999938965,176.0599975586,174.3897552490,20255800
2017-12-07,175.8000030518,180.3899993896,175.8000030518,180.1399993896,178.4309997559,20404500
2017-12-08,181.5299987793,182.2799987793,178.7400054932,179.0000000000,177.3018493652,19883800
2017-12-11,179.3000030518,180.2200012207,178.8000030518,179.0399932861,177.3415069580,13168600
2017-12-12,178.6000061035,179.1799926758,176.6000061035,176.9600067139,175.2812194824,16854100
2017-12-13,177.3000030518,179.1600036621,177.2500000000,178.3000030518,176.6085205078,14615700
2017-12-14,178.2899932861,180.3600006104,177.6799926758,178.3899993896,176.6976165771,13591000
2017-12-15,179.0200042725,180.4900054932,178.3600006104,180.1799926758,178.4706573486,28463100
2017-12-18,181.0099945068,181.3000030518,179.7500000000,180.8200073242,179.1045684814,17265400
2017-12-19,179.9499969482,180.0800018311,178.2200012207,179.5099945068,177.8070068359,14920600
2017-12-20,179.8099975586,179.8099975586,177.3600006104,177.8899993896,176.2023773193,11860500
2017-12-21,177.9400024414,178.6799926758,177.0500030518,177.4499969482,175.7665557861,11600700
2017-12-22,177.1399993896,177.5299987793,176.2299957275,177.1999969482,175.5189361572,8509500
2017-12-26,176.6300048828,177.0000000000,174.6699981689,175.9900054932,174.3204193115,8897300
2017-12-27,176.5500030518,178.4400024414,176.2599945068,177.6199951172,175.9349517822,9496100
2017-12-28,177.9499969482,178.9400024414,177.6799926758,177.9199981689,176.2321166992,12220800
2017-12-29,178.0000000000,178.8500061035,176.4600067139,176.4600067139,174.7859344482,10261500
2018-01-02,177.6799926758,181.5800018311,177.5500030518,181.4199981689,179.6988983154,18151900
2018-01-03,181.8800048828,184.7799987793,181.3300018311,184.6699981689,182.9180755615,16886600
2018-01-04,184.8999938965,186.2100067139,184.1000061035,184.3300018311,182.5812835693,13880900
2018-01-05,185.5899963379,186.8999938965,184.9299926758,186.8500061035,185.0773925781,13574500
2018-01-08,187.1999969482,188.8999938965,186.3300018311,188.2799987793,186.4938201904,17994700
2018-01-09,188.6999969482,188.8000030518,187.1000061035,187.8699951172,186.0877075195,12393100
2018-01-10,186.9400024414,187.8899993896,185.6300048828,187.8399963379,186.0579833984,10529900
2018-01-11,188.3999938965,188.3999938965,187.3800048828,187.7700042725,185.9886474609,9588600
2018-01-12,178.0599975586,181.4799957275,177.3999938965,179.3699951172,177.6683349609,77551300
2018-01-16,181.5000000000,181.7500000000,178.0399932861,178.3899993896,176.6976165771,36183800
2018-01-17,179.2599945068,179.3200073242,175.8000030518,177.6000061035,175.9151306152,27992400
2018-01-18,178.1300048828,180.9799957275,177.0800018311,179.8000030518,178.0942687988,23304900
2018-01-19,180.8500061035,182.3699951172,180.1699981689,181.2899932861,179.5701446533,26826500
2018-01-22,180.8000030518,185.3899993896,180.4100036621,185.3699951172,183.6114044189,21059500
2018-01-23,186.0500030518,189.5500030518,185.5500030518,189.3500061035,187.5536804199,25678800
2018-01-24,189.8899993896,190.6600036621,186.5200042725,186.5500030518,184.7802429199,24334500
2018-01-25,187.9499969482,188.6199951172,186.6000061035,187.4799957275,185.7013549805,17377700
2018-01-26,187.7500000000,190.0000000000,186.8099975586,190.0000000000,188.1975097656,17759200
2018-01-29,188.7500000000,188.8399963379,185.6300048828,185.9799957275,184.2156066895,20453200
2018-01-30,187.6199951172,188.1799926758,181.8399963379,187.1199951172,185.3448181152,20858600
2018-01-31,188.3699951172,189.8300018311,185.2200012207,186.8899993896,185.1169891357,43275100
2018-02-01,188.2200012207,195.3200073242,187.8899993896,193.0899963379,191.2581634521,54211300
2018-02-02,192.0399932861,194.2100067139,189.9799957275,190.2799987793,188.4748687744,26677500
2018-02-05,186.9299926758,190.6100006104,180.6100006104,181.2599945068,179.5403900146,33128200
2018-02-06,178.5700073242,185.7700042725,177.7400054932,185.3099975586,183.5520019531,37758500
2018-02-07,184.1499938965,185.0800018311,179.9499969482,180.1799926758,178.4706573486,27601900
2018-02-08,181.0099945068,181.8399963379,171.4799957275,171.5800018311,169.9522399902,38478300
2018-02-09,174.7599945068,176.8999938965,167.1799926758,176.1100006104,174.4392852783,39887600
2018-02-12,177.0599975586,177.5500030518,171.8399963379,176.4100036621,174.7364349365,32092100
2018-02-13,175.6199951172,175.9700012207,173.1000061035,173.1499938965,171.5073852539,21809400
2018-02-14,173.4499969482,179.8099975586,173.2100067139,179.5200042725,177.8169250488,28929700
2018-02-15,180.5000000000,180.5000000000,176.8399963379,179.9600067139,178.2527618408,20922100
2018-02-16,178.9900054932,179.8800048828,176.3000030518,177.3600006104,175.6774444580,20645300
2018-02-20,175.7700042725,177.9499969482,175.1100006104,176.0099945068,174.3402252197,21204900
2018-02-21,176.7100067139,181.2700042725,176.3999938965,177.9100036621,176.2221984863,23200800
2018-02-22,178.6999969482,180.2100067139,177.4100036621,178.9900054932,177.2919616699,18464200
2018-02-23,179.8999938965,183.3899993896,179.5099945068,183.2899932861,181.5511322021,19007300
2018-02-26,184.5800018311,185.6600036621,183.2200012207,184.9299926758,183.1756134033,17599700
2018-02-27,184.4499969482,184.6999969482,181.4600067139,181.4600067139,179.7385101318,15849800
2018-02-28,182.3000030518,182.8800048828,178.1399993896,178.3200073242,176.6283111572,18783000
2018-03-01,179.0099945068,180.1199951172,174.4100036621,175.9400024414,174.2709045410,23201600
2018-03-02,173.2899932861,177.1100006104,172.9900054932,176.6199951172,174.9444427490,20025900
2018-03-05,176.1999969482,181.1499938965,175.8899993896,180.3999938965,178.6885528564,16189300
2018-03-06,181.7799987793,182.3800048828,179.1100006104,179.7799987793,178.0744628906,15086800
2018-03-07,178.7400054932,183.8200073242,178.0700073242,183.7100067139,181.9671783447,19097300
2018-03-08,183.5599975586,184.3999938965,181.4499969482,182.3399963379,180.6101684570,17225900
2018-03-09,183.9100036621,185.5099945068,183.2100067139,185.2299957275,183.4727630615,18526300
2018-03-12,185.2299957275,186.1000061035,184.2200012207,184.7599945068,183.0072174072,15301200
2018-03-13,185.6100006104,185.9900054932,181.1100006104,181.8800048828,180.1545410156,18067500
2018-03-14,182.6000061035,184.2500000000,181.8500061035,184.1900024414,182.4426269531,16821700
2018-03-15,183.2400054932,184.0000000000,182.1900024414,183.8600006104,182.1157531738,15614300
2018-03-16,184.4900054932,185.3300018311,183.4100036621,185.0899963379,183.3340759277,24403400
2018-03-19,177.0099945068,177.1699981689,170.0599975586,172.5599975586,170.9229583740,88140100
2018-03-20,167.4700012207,170.1999969482,161.9499969482,168.1499938965,166.5547790527,129851800
2018-03-21,164.8000030518,173.3999938965,163.3000030518,169.3899993896,167.7830047607,106598800
2018-03-22,166.1300048828,170.2700042725,163.7200012207,164.8899993896,163.3257141113,73743000
2018-03-23,165.4400024414,166.6000061035,159.0200042725,159.3899993896,157.8778991699,53609700
2018-03-26,160.8200073242,161.1000061035,149.0200042725,160.0599975586,158.5415344238,126116600
2018-03-27,156.3099975586,162.8500061035,150.7500000000,152.2200012207,150.7759399414,79117000
2018-03-28,151.6499938965,155.8800048828,150.8000030518,153.0299987793,151.5782318115,60029200
2018-03-29,155.1499938965,161.4199981689,154.1399993896,159.7899932861,158.2741241455,59434300
2018-04-02,157.8099975586,159.1999969482,154.1100006104,155.3899993896,153.9158477783,36796000
2018-04-03,156.5500030518,157.3899993896,150.8099975586,156.1100006104,154.6290435791,42543900
2018-04-04,152.0299987793,155.5599975586,150.5099945068,155.1000061035,153.6285705566,49885600
2018-04-05,161.5599975586,161.5700073242,156.6499938965,159.3399963379,157.8283691406,41449600
2018-04-06,157.7299957275,161.4199981689,156.8099975586,157.1999969482,155.7086639404,41644800
2018-04-09,157.8200073242,160.5299987793,156.0399932861,157.9299926758,156.4317474365,34915200
2018-04-10,157.9299926758,165.9799957275,157.0099945068,165.0399932861,163.4743041992,57889300
2018-04-11,165.3600006104,168.6499938965,163.2500000000,166.3200073242,164.7421722412,56144600
2018-04-12,166.9799957275,167.4499969482,163.1000061035,163.8699951172,162.3153991699,38263000
2018-04-13,164.5800018311,165.6999969482,163.7700042725,164.5200042725,162.9592590332,19990600
2018-04-16,165.7200012207,165.7799987793,163.3899993896,164.8300018311,163.2662811279,18119400
2018-04-17,165.8300018311,169.0000000000,165.6600036621,168.6600036621,167.0599517822,22743000
2018-04-18,166.8800048828,168.1199951172,165.7700042725,166.3600006104,164.7817687988,20969600
2018-04-19,166.1999969482,168.3300018311,165.1999969482,168.1000061035,166.5052490234,22235000
2018-04-20,167.7899932861,168.4299926758,165.8099975586,166.2799987793,164.7025604248,19119400
2018-04-23,167.2700042725,168.4499969482,165.0899963379,165.8399963379,164.2666931152,23088100
2018-04-24,165.4299926758,166.1000061035,158.1900024414,159.6900024414,158.1750640869,35079900
2018-04-25,160.1399993896,161.0599975586,156.1900024414,159.6900024414,158.1750640869,41083600
2018-04-26,173.2200012207,176.2700042725,170.8000030518,174.1600036621,172.5077514648,77556900
2018-04-27,176.8099975586,177.1000061035,172.6000061035,173.5899963379,171.9431610107,29804700
2018-04-30,173.7899932861,175.7200012207,171.7100067139,172.0000000000,170.3682708740,20750500
2018-05-01,172.0000000000,174.0200042725,170.2299957275,173.8600006104,172.2106170654,26025900
2018-05-02,174.2500000000,178.0800018311,174.1999969482,176.0700073242,174.3996582031,30424500
2018-05-03,175.1300048828,176.1199951172,172.1199951172,174.0200042725,172.3691101074,24026100
2018-05-04,173.0800018311,176.9799957275,173.0599975586,176.6100006104,174.9345245361,17677800
2018-05-07,177.3500061035,179.5000000000,177.1699981689,177.9700012207,176.2816467285,18697200
2018-05-08,178.2500000000,179.0399932861,177.1100006104,178.9199981689,177.2226409912,15577200
2018-05-09,179.6699981689,183.0099945068,178.7799987793,182.6600036621,180.9271240234,23282800
2018-05-10,183.1499938965,186.1300048828,182.5000000000,185.5299987793,183.7699127197,21071400
2018-05-11,184.8500061035,188.3200073242,184.1799926758,186.9900054932,185.2160644531,21207800
2018-05-14,187.7100067139,187.8600006104,186.1999969482,186.6399993896,184.8693695068,15646700
2018-05-15,184.8800048828,185.2899932861,183.1999969482,184.3200073242,182.5713806152,15429400
2018-05-16,183.6999969482,184.3200073242,182.6600036621,183.1999969482,181.4620208740,16975500
2018-05-17,182.6799926758,184.0599975586,182.2200012207,183.7599945068,182.0166931152,14840700
2018-05-18,183.4900054932,184.1900024414,182.6100006104,182.6799926758,180.9469299316,13130500
2018-05-21,183.7700042725,185.3000030518,183.1300048828,184.4900054932,182.7397918701,13532900
2018-05-22,184.9299926758,185.4199981689,183.4299926758,183.8000030518,182.0562896729,12731400
2018-05-23,182.5000000000,186.9100036621,182.1799926758,186.8999938965,185.1269073486,16628100
2018-05-24,185.8800048828,186.8000030518,185.0299987793,185.9299926758,184.1661224365,12354700
2018-05-25,186.0200042725,186.3300018311,184.4499969482,184.9199981689,183.1656951904,10965100
2018-05-29,184.3399963379,186.8099975586,183.7100067139,185.7400054932,183.9779357910,16398900
2018-05-30,186.5399932861,188.0000000000,185.2500000000,187.6699981689,185.8895874023,13736900
2018-05-31,187.8699951172,192.7200012207,187.4799957275,191.7799987793,189.9606323242,30782600
2018-06-01,193.0700073242,194.5500030518,192.0700073242,193.9900054932,192.1496582031,17307200
2018-06-04,191.8399963379,193.9799957275,191.4700012207,193.2799987793,191.4463653564,18939800
2018-06-05,194.3000030518,195.0000000000,192.6199951172,192.9400024414,191.1096191406,15544300
2018-06-06,191.0299987793,192.5299987793,189.1100006104,191.3399963379,189.5247955322,22558900
2018-06-07,190.7500000000,190.9700012207,186.7700042725,188.1799926758,186.3947753906,21503200
2018-06-08,187.5299987793,189.4799957275,186.4299926758,189.1000061035,187.3060455322,12677100
2018-06-11,188.8099975586,192.6000061035,188.8000030518,191.5399932861,189.7228546143,12928900
2018-06-12,192.1699981689,193.2799987793,191.5599975586,192.3999938965,190.5747222900,11562700
2018-06-13,192.7400054932,194.5000000000,191.9100036621,192.4100036621,190.5846405029,15853800
2018-06-14,193.1000061035,197.2799987793,192.9100036621,196.8099975586,194.9429016113,19120900
2018-06-15,195.7899932861,197.0700073242,194.6399993896,195.8500061035,193.9920196533,21860900
2018-06-18,194.8000030518,199.5800018311,194.1300048828,198.3099975586,196.4286804199,16826000
2018-06-19,196.2400054932,197.9600067139,193.7899932861,197.4900054932,195.6164550781,19994000
2018-06-20,199.1000061035,203.5500030518,198.8099975586,202.0000000000,200.0836944580,28230900
2018-06-21,202.7599945068,203.3899993896,200.0899963379,201.5000000000,199.5884246826,19045700
2018-06-22,201.1600036621,202.2400054932,199.3099975586,201.7400054932,199.8261413574,17420200
2018-06-25,200.0000000000,200.0000000000,193.1100006104,196.3500061035,194.4872741699,25275100
2018-06-26,197.6000061035,199.1000061035,196.2299957275,199.0000000000,197.1121215820,17897600
2018-06-27,199.1799926758,200.7500000000,195.8000030518,195.8399963379,193.9821166992,18734400
2018-06-28,195.1799926758,197.3399963379,193.2599945068,196.2299957275,194.3683929443,18172400
2018-06-29,197.3200073242,197.6000061035,193.9600067139,194.3200073242,192.4765319824,15811600
2018-07-02,193.3699951172,197.4499969482,192.2200012207,197.3600006104,195.4876708984,13961600
2018-07-03,194.5500030518,195.3999938965,192.5200042725,192.7299957275,190.9015808105,13489500
2018-07-05,194.7400054932,198.6499938965,194.0299987793,198.4499969482,196.5673370361,19684200
2018-07-06,198.4499969482,203.6399993896,197.6999969482,203.2299957275,201.3019714355,19740100
2018-07-09,204.9299926758,205.8000030518,202.1199951172,204.7400054932,202.7976837158,18149400
2018-07-10,204.5000000000,204.9100036621,202.2599945068,203.5399932861,201.6090698242,13190100
2018-07-11,202.2200012207,204.5000000000,201.7500000000,202.5399932861,200.6185302734,12927400
2018-07-12,203.4299926758,207.0800018311,203.1900024414,206.9199981689,204.9569549561,15454700
2018-07-13,207.8099975586,208.4299926758,206.4499969482,207.3200073242,205.3531951904,11486800
2018-07-16,207.5000000000,208.7200012207,206.8399963379,207.2299957275,205.2640533447,11078200
2018-07-17,204.8999938965,210.4600067139,204.8399963379,209.9900054932,207.9978942871,15349900
2018-07-18,209.8200073242,210.9900054932,208.4400024414,209.3600006104,207.3738403320,15334900
2018-07-19,208.7700042725,209.9900054932,207.7599945068,208.0899963379,206.1158905029,11350400
2018-07-20,208.8500061035,211.5000000000,208.5000000000,209.9400024414,207.9483184814,16163900
2018-07-23,210.5800018311,211.6199951172,208.8000030518,210.9100036621,208.9091491699,16732000
2018-07-24,215.1100006104,216.1999969482,212.6000061035,214.6699981689,212.6334686279,28468700
2018-07-25,215.7200012207,218.6199951172,214.2700042725,217.5000000000,215.4366302490,58954200
2018-07-26,174.8899993896,180.1300048828,173.7500000000,176.2599945068,174.5878448486,169803700
2018-07-27,179.8699951172,179.9299926758,173.0000000000,174.8899993896,173.2308502197,60073700
2018-07-30,175.3000030518,175.3000030518,166.5599975586,171.0599975586,169.4371795654,65280800
2018-07-31,170.6699981689,174.2400054932,170.0000000000,172.5800018311,170.9427795410,40356500
2018-08-01,173.9299926758,175.0800018311,170.8999938965,171.6499938965,170.0215759277,34042100
2018-08-02,170.6799926758,176.7899932861,170.2700042725,176.3699951172,174.6967926025,32400000
2018-08-03,177.6900024414,178.8500061035,176.1499938965,177.7799987793,176.0934295654,24763400
2018-08-06,178.9700012207,185.7899932861,178.3800048828,185.6900024414,183.9283752441,49716200
2018-08-07,186.5000000000,188.3000030518,183.7200012207,183.8099975586,182.0662231445,33398600
2018-08-08,184.7500000000,186.8500061035,183.7599945068,185.1799926758,183.4232330322,22205200
2018-08-09,185.8500061035,186.5700073242,182.4799957275,183.0899963379,181.3530426025,19732100
2018-08-10,182.0399932861,182.1000061035,179.4199981689,180.2599945068,178.5498809814,21500400
2018-08-13,180.1000061035,182.6100006104,178.8999938965,180.0500030518,178.3419036865,17423300
2018-08-14,180.7100067139,181.9900054932,178.6199951172,181.1100006104,179.3918304443,19102000
2018-08-15,179.3399963379,180.8699951172,174.7799987793,179.5299987793,177.8268280029,33020200
2018-08-16,180.4199981689,180.5000000000,174.0099945068,174.6999969482,173.0426635742,31351800
2018-08-17,174.5000000000,176.2200012207,172.0399932861,173.8000030518,172.1511688232,24893200
2018-08-20,174.0399932861,174.5700073242,170.9100036621,172.5000000000,170.8635253906,21518000
2018-08-21,172.8099975586,174.1699981689,171.3899993896,172.6199951172,170.9823913574,19578500
2018-08-22,172.2100067139,174.2400054932,172.1300048828,173.6399993896,171.9926910400,16894100
2018-08-23,173.0899963379,175.5500030518,172.8300018311,172.8999938965,171.2597351074,18053600
2018-08-24,173.6999969482,174.8200073242,172.9199981689,174.6499938965,172.9931182861,14631600
2018-08-27,175.9900054932,178.6699981689,175.7899932861,177.4600067139,175.7764587402,17921900
2018-08-28,178.1000061035,178.2400054932,175.8300018311,176.2599945068,174.5878448486,15910700
2018-08-29,176.3000030518,176.7899932861,174.7500000000,175.8999938965,174.2312622070,18494100
2018-08-30,175.8999938965,179.7899932861,175.6999969482,177.6399993896,175.9547729492,24216500
2018-08-31,177.1499938965,177.6199951172,174.9799957275,175.7299957275,174.0628814697,18065200
2018-09-04,173.5000000000,173.8899993896,168.8000030518,171.1600036621,169.5362396240,29809000
2018-09-05,169.4900054932,171.1300048828,166.6699981689,167.1799926758,165.5939636230,31226700
2018-09-06,166.9799957275,166.9799957275,160.0000000000,162.5299987793,160.9881134033,41514800
2018-09-07,160.3099975586,164.6300048828,160.1600036621,163.0399932861,161.4932556152,24300600
2018-09-10,163.5099945068,165.0099945068,162.1600036621,164.1799926758,162.6224670410,20197700
2018-09-11,163.9400024414,167.1900024414,163.7200012207,165.9400024414,164.3657684326,20457100
2018-09-12,163.2500000000,164.4900054932,161.8000030518,162.0000000000,160.4631500244,24078100
2018-09-13,162.0000000000,163.3200073242,160.8600006104,161.3600006104,159.8292083740,25453800
2018-09-14,161.7200012207,162.8399963379,160.3399963379,162.3200073242,160.7801208496,21770400
2018-09-17,161.9199981689,162.0599975586,159.7700042725,160.5800018311,159.0566253662,21005300
2018-09-18,159.3899993896,161.7599945068,158.8699951172,160.3000030518,158.7792663574,22465200
2018-09-19,160.0800018311,163.4400024414,159.4799957275,163.0599975586,161.5130767822,19629000
2018-09-20,164.5000000000,166.4499969482,164.4700012207,166.0200042725,164.4450225830,18936000
2018-09-21,166.6399993896,167.2500000000,162.8099975586,162.9299926758,161.3843078613,45994800
2018-09-24,161.0299987793,165.6999969482,160.8800048828,165.4100036621,163.8407745361,19222800
2018-09-25,161.9900054932,165.5899963379,161.1499938965,164.9100036621,163.3455200195,27622800
2018-09-26,164.3000030518,169.3000030518,164.2100067139,166.9499969482,165.3661804199,25252200
2018-09-27,167.5500030518,171.7700042725,167.2100067139,168.8399963379,167.2382354736,27266900
2018-09-28,168.3300018311,168.7899932861,162.5599975586,164.4600067139,162.8998107910,34265600
2018-10-01,163.0299987793,165.8800048828,161.2599945068,162.4400024414,160.8989410400,26407700
2018-10-02,161.5800018311,162.2799987793,158.6699981689,159.3300018311,157.8184814453,36031000
2018-10-03,160.0000000000,163.6600036621,159.5299987793,162.4299926758,160.8890533447,23109500
2018-10-04,161.4600067139,161.4600067139,157.3500061035,158.8500061035,157.3430328369,25739600
2018-10-05,159.2100067139,160.8999938965,156.1999969482,157.3300018311,155.8374481201,25744000
2018-10-08,155.5399932861,158.3399963379,154.3899993896,157.2500000000,155.7581939697,24046000
2018-10-09,157.6900024414,160.5899963379,157.4199981689,157.8999938965,156.4020538330,18844400
2018-10-10,156.8200073242,157.6900024414,151.3099975586,151.3800048828,149.9439086914,30610000
2018-10-11,150.1300048828,154.8099975586,149.1600036621,153.3500061035,151.8952178955,35338900
2018-10-12,156.7299957275,156.8899993896,151.3000030518,153.7400054932,152.2814941406,25293500
2018-10-15,153.3200073242,155.5700073242,152.5500030518,153.5200042725,152.0635986328,15433500
2018-10-16,155.3999938965,159.4600067139,155.0099945068,158.7799987793,157.2736816406,19180100
2018-10-17,159.5599975586,160.4900054932,157.9499969482,159.4199981689,157.9075927734,17592000
2018-10-18,158.5099945068,158.6600036621,153.2799987793,154.9199981689,153.4503021240,21675100
2018-10-19,155.8600006104,157.3500061035,153.5500030518,154.0500030518,152.5885620117,19761300
2018-10-22,154.7599945068,157.3399963379,154.4600067139,154.7799987793,153.3116302490,15424700
2018-10-23,151.2200012207,154.7700042725,150.8500061035,154.3899993896,152.9253540039,19095000
2018-10-24,154.2799987793,154.6499938965,145.6000061035,146.0399932861,144.6545562744,27744600
2018-10-25,147.7299957275,152.2100067139,147.0000000000,150.9499969482,149.5179901123,22105700
2018-10-26,145.8200073242,149.0000000000,143.8000030518,145.3699951172,143.9909057617,31303300
2018-10-29,148.5000000000,148.8300018311,139.0299987793,142.0899963379,140.7420196533,31336800
2018-10-30,139.9400024414,146.6399993896,139.7400054932,146.2200012207,144.8328247070,50528300
2018-10-31,155.0000000000,156.3999938965,148.9600067139,151.7899932861,150.3500061035,60101300
2018-11-01,151.5200042725,152.7500000000,149.3500061035,151.7500000000,150.3103637695,25640800
2018-11-02,151.8000030518,154.1300048828,148.9600067139,150.3500061035,148.9236602783,24708700
2018-11-05,150.1000061035,150.1900024414,147.4400024414,148.6799926758,147.2695007324,15971200
2018-11-06,149.3099975586,150.9700012207,148.0000000000,149.9400024414,148.5175628662,16667100
2018-11-07,151.5700073242,153.0099945068,149.8300018311,151.5299987793,150.0924530029,21877400
2018-11-08,150.4900054932,150.9400024414,146.7400054932,147.8699951172,146.4671630859,24145800
2018-11-09,146.7500000000,147.7599945068,144.0700073242,144.9600067139,143.5847930908,17326900
2018-11-12,144.4799957275,145.0399932861,140.4900054932,141.5500030518,140.2071533203,18542100
2018-11-13,142.0000000000,144.8800048828,141.6199951172,142.1600036621,140.8113403320,15141700
2018-11-14,143.6999969482,145.5800018311,141.5500030518,144.2200012207,142.8518066406,22068400
2018-11-15,142.3300018311,144.8399963379,140.8300018311,143.8500061035,142.4853057861,30320300
2018-11-16,141.0700073242,141.7700042725,137.7700042725,139.5299987793,138.2062835693,37250600
2018-11-19,137.6100006104,137.7500000000,131.2100067139,131.5500030518,130.3020172119,44362700
2018-11-20,127.0299987793,134.1600036621,126.8499984741,132.4299926758,131.1736450195,41939500
2018-11-21,134.3999938965,137.1900024414,134.1300048828,134.8200073242,133.5410003662,25469700
2018-11-23,133.6499938965,134.5000000000,131.2599945068,131.7299957275,130.4802703857,11886100
2018-11-26,133.0000000000,137.0000000000,132.7799987793,136.3800048828,135.0861968994,24263600
2018-11-27,135.7500000000,136.6100006104,133.7100067139,135.0000000000,133.7192687988,20750300
2018-11-28,136.2799987793,136.7899932861,131.8500061035,136.7599945068,135.4625854492,29847500
2018-11-29,135.9199981689,139.9900054932,135.6600036621,138.6799926758,137.3643646240,24238700
2018-11-30,138.2599945068,140.9700012207,137.3600006104,140.6100006104,139.2760620117,25732600
2018-12-03,143.0000000000,143.6799926758,140.7599945068,141.0899963379,139.7514953613,24819200
2018-12-04,140.7299957275,143.3899993896,137.1600036621,137.9299926758,136.6214752197,30307400
2018-12-06,133.8200073242,139.6999969482,133.6699981689,139.6300048828,138.3053741455,28218100
2018-12-07,139.2500000000,140.8699951172,136.6600036621,137.4199981689,136.1163177490,21195500
2018-12-10,139.6000061035,143.0500030518,139.0099945068,141.8500061035,140.5043029785,26422200
2018-12-11,143.8800048828,143.8800048828,141.1000061035,142.0800018311,140.7321166992,20300300
2018-12-12,143.0800018311,147.1900024414,142.5099945068,144.5000000000,143.1291351318,23696900
2018-12-13,145.5700073242,145.8500061035,143.1900024414,145.0099945068,143.6343231201,18148600
2018-12-14,143.3399963379,146.0099945068,142.5099945068,144.0599975586,142.6933441162,21785800
2018-12-17,143.0800018311,144.9199981689,138.4199981689,140.1900024414,138.8600311279,24334000
2018-12-18,141.0800018311,145.9299926758,139.8300018311,143.6600036621,142.2971038818,24709100
2018-12-19,141.2100067139,144.9100036621,132.5000000000,133.2400054932,131.9759826660,57404900
2018-12-20,130.6999969482,135.5700073242,130.0000000000,133.3999938965,132.1344451904,40297900
2018-12-21,133.3899993896,134.8999938965,123.4199981689,124.9499969482,123.7646179199,56901500
2018-12-24,123.0999984741,129.7400054932,123.0199966431,124.0599975586,122.8830490112,22066000
2018-12-26,126.0000000000,134.2400054932,125.8899993896,134.1799926758,132.9070587158,39723400
2018-12-27,132.4400024414,134.9900054932,129.6699981689,134.5200042725,133.2438659668,31202500
2018-12-28,135.3399963379,135.9199981689,132.1999969482,133.1999969482,131.9363403320,22627600
2018-12-31,134.4499969482,134.6399993896,129.9499969482,131.0899963379,129.8463592529,24625300
2019-01-02,128.9900054932,137.5099945068,128.5599975586,135.6799926758,134.3928222656,28146200
2019-01-03,134.6900024414,137.1699981689,131.1199951172,131.7400054932,130.4902191162,22717900
2019-01-04,134.0099945068,138.0000000000,133.7500000000,137.9499969482,136.6412811279,29002100
2019-01-07,137.5599975586,138.8699951172,135.9100036621,138.0500030518,136.7403411865,20089300
2019-01-08,139.8899993896,143.1399993896,139.5399932861,142.5299987793,141.1778259277,26263800
2019-01-09,142.9499969482,144.6999969482,141.2700042725,144.2299957275,142.8616943359,22205900
2019-01-10,143.0800018311,144.5599975586,140.8399963379,144.1999969482,142.8320159912,16125000
2019-01-11,143.1499938965,145.3600006104,142.5700073242,143.8000030518,142.4357910156,12908000
2019-01-14,142.0000000000,146.5700073242,141.2700042725,145.3899993896,144.0107421875,20520300
2019-01-15,146.0099945068,150.6799926758,145.9900054932,148.9499969482,147.5369262695,24069000
2019-01-16,149.0000000000,149.6499938965,147.0000000000,147.5399932861,146.1403503418,18025700
2019-01-17,146.9499969482,149.0000000000,146.5000000000,148.3000030518,146.8930969238,15787900
2019-01-18,149.7500000000,152.4299926758,148.5500030518,150.0399932861,148.6165771484,31029600
2019-01-22,149.1999969482,151.5299987793,146.3699951172,147.5700073242,146.1700286865,22378700
2019-01-23,148.2799987793,148.8000030518,143.0599975586,144.3000030518,142.9310607910,20098400
2019-01-24,144.6399993896,146.4400024414,142.5200042725,145.8300018311,144.4465332031,20955500
2019-01-25,147.4799957275,149.8300018311,146.5399932861,149.0099945068,147.5963592529,22237200
2019-01-28,148.0500030518,148.9600067139,146.2100067139,147.4700012207,146.0709991455,15508500
2019-01-29,148.0899963379,148.1000061035,143.4299926758,144.1900024414,142.8220825195,17632100
2019-01-30,146.2200012207,150.9499969482,145.6999969482,150.4199981689,148.9929809570,44613200
2019-01-31,165.6000061035,171.6799926758,165.0000000000,166.6900024414,165.1086425781,77233600
2019-02-01,165.8399963379,169.1000061035,165.6600036621,165.7100067139,164.1379394531,30806500
2019-02-04,165.6999969482,169.3000030518,163.6199951172,169.2500000000,167.6443328857,20036000
2019-02-05,169.1499938965,171.9799957275,168.6900024414,171.1600036621,169.5362396240,22557000
2019-02-06,171.1999969482,172.4700012207,169.2700042725,170.4900054932,168.8725891113,13281200
2019-02-07,168.1999969482,169.2400054932,165.2500000000,166.3800048828,164.8015899658,17517600
2019-02-08,164.4700012207,167.3699951172,164.2100067139,167.3300018311,165.7425842285,12561400
2019-02-11,167.8999938965,168.3000030518,165.0800018311,165.7899932861,164.2171936035,12811200
2019-02-12,166.8600006104,168.3399963379,164.5000000000,165.0399932861,163.4743041992,16292300
2019-02-13,165.3800048828,166.2200012207,163.7299957275,164.0700073242,162.5135040283,14205100
2019-02-14,163.1900024414,164.8699951172,162.2500000000,163.9499969482,162.3946533203,12755200
2019-02-15,164.5099945068,164.6999969482,160.8600006104,162.5000000000,160.9583892822,15504400
2019-02-19,160.5000000000,164.1499938965,160.3300018311,162.2899932861,160.7503814697,14345400
2019-02-20,162.2500000000,163.7200012207,161.2500000000,162.5599975586,161.0178222656,11770700
2019-02-21,161.9299926758,162.2400054932,159.5899963379,160.0399932861,158.5217285156,15607800
2019-02-22,160.5800018311,162.4100036621,160.3099975586,161.8899993896,160.3541564941,15858500
2019-02-25,163.0700073242,166.0700073242,162.8999938965,164.6199951172,163.0582733154,18737100
2019-02-26,164.3399963379,166.2400054932,163.8000030518,164.1300048828,162.5729675293,13784100
2019-02-27,162.8999938965,163.9299926758,160.4100036621,162.8099975586,161.2654418945,12697500
2019-02-28,162.3699951172,163.5000000000,160.8600006104,161.4499969482,159.9183654785,11114200
2019-03-01,162.6000061035,163.1300048828,161.6900024414,162.2799987793,160.7404785156,11097800
2019-03-04,163.8999938965,167.5000000000,163.8300018311,167.3699951172,165.7821807861,18894700
2019-03-05,167.3699951172,171.8800048828,166.5500030518,171.2599945068,169.6352691650,28187900
2019-03-06,172.8999938965,173.5700073242,171.2700042725,172.5099945068,170.8734283447,21531700
2019-03-07,171.5000000000,171.7400054932,167.6100006104,169.1300048828,167.5255126953,18306500
2019-03-08,166.1999969482,169.6199951172,165.9700012207,169.6000061035,167.9910278320,13184800
2019-03-11,171.6000061035,174.3000030518,171.5800018311,172.0700073242,170.4376373291,18884000
2019-03-12,172.0899963379,173.8000030518,171.2200012207,171.9199981689,170.2890319824,12155300
2019-03-13,172.3200073242,174.0299987793,172.1199951172,173.3699951172,171.7252349854,11973300
2019-03-14,169.7599945068,171.1499938965,168.1600036621,170.1699981689,168.5556335449,18037400
2019-03-15,167.1600036621,167.5800018311,162.5099945068,165.9799957275,164.4053802490,37135400
2019-03-18,163.5700073242,163.8999938965,159.2799987793,160.4700012207,158.9476623535,37524200
2019-03-19,161.4799957275,163.8200073242,160.8200073242,161.5700073242,160.0372009277,25611500
2019-03-20,161.5000000000,166.1199951172,161.2400054932,165.4400024414,163.8705139160,20211500
2019-03-21,164.8899993896,166.3899993896,163.7500000000,166.0800018311,164.5044555664,16223000
2019-03-22,165.6499938965,167.4199981689,164.0899963379,164.3399963379,162.7809600830,16389200
2019-03-25,163.0000000000,166.5399932861,162.0000000000,166.2899932861,164.7124328613,12631200
2019-03-26,167.3500061035,169.4499969482,166.3500061035,167.6799926758,166.0892639160,15437900
2019-03-27,167.8500061035,168.9400024414,164.7899932861,165.8699951172,164.2964172363,10620300
2019-03-28,164.5700073242,166.7200012207,163.3300018311,165.5500030518,163.9794311523,10443000
2019-03-29,166.3899993896,167.1900024414,164.8099975586,166.6900024414,165.1086425781,13455500
2019-04-01,167.8300018311,168.8999938965,167.2799987793,168.6999969482,167.0995788574,10381500
2019-04-02,170.1399993896,174.8999938965,169.5500030518,174.1999969482,172.5473937988,23946500
2019-04-03,174.5000000000,177.9600067139,172.9499969482,173.5399932861,171.8936462402,27391100
2019-04-04,176.0200042725,178.0000000000,175.5299987793,176.0200042725,174.3501586914,17847700
2019-04-05,176.8800048828,177.0000000000,175.1000061035,175.7200012207,174.0529785156,9594100
2019-04-08,175.2100067139,175.5000000000,174.2299957275,174.9299926758,173.2704467773,7297400
2019-04-09,175.6199951172,179.1900024414,175.5500030518,177.5800018311,175.8953399658,19751000
2019-04-10,178.1799926758,178.7899932861,176.5399932861,177.8200073242,176.1330261230,11701500
2019-04-11,178.2400054932,178.3999938965,177.0000000000,177.5099945068,175.8259735107,8071000
2019-04-12,178.0000000000,179.6300048828,177.9499969482,179.1000061035,177.4009094238,12329800
2019-04-15,178.5000000000,180.5000000000,176.8699951172,179.6499938965,177.9456787109,10834800
2019-04-16,179.0000000000,180.1699981689,178.3000030518,178.8699951172,177.1730804443,11215200
2019-04-17,179.6000061035,180.7400054932,178.3600006104,178.7799987793,177.0839691162,9973700
2019-04-18,178.8000030518,178.8800048828,177.3399963379,178.2799987793,176.5886993408,11655600
2019-04-22,178.2500000000,181.6699981689,178.2500000000,181.4400024414,179.7186889648,13389900
2019-04-23,182.7400054932,184.2200012207,181.4799957275,183.7799987793,182.0365295410,19954800
2019-04-24,184.4900054932,185.1399993896,181.6499938965,182.5800018311,180.8479003906,37289900
2019-04-25,196.9799957275,198.4799957275,192.1199951172,193.2599945068,191.4265594482,54148800
2019-04-26,192.5000000000,192.8999938965,189.0899963379,191.4900054932,189.6733551025,22075000
2019-04-29,190.9499969482,195.4100036621,190.6499938965,194.7799987793,192.9321289062,19641300
2019-04-30,194.1900024414,197.3899993896,192.2799987793,193.3999938965,191.5652160645,23494700
2019-05-01,194.7799987793,196.1799926758,193.0099945068,193.0299987793,191.1987457275,15996600
2019-05-02,193.0000000000,194.0000000000,189.7500000000,192.5299987793,190.7035064697,13209500
2019-05-03,194.3800048828,196.1600036621,193.7100067139,195.4700012207,193.6156158447,14575400
2019-05-06,191.2400054932,194.2799987793,190.5500030518,193.8800048828,192.0406951904,13994900
2019-05-07,192.5399932861,192.8999938965,187.8500061035,189.7700042725,187.9696807861,16253000
2019-05-08,189.3899993896,190.7200012207,188.5500030518,189.5399932861,187.7418670654,12505700
2019-05-09,187.1999969482,189.7700042725,186.2599945068,188.6499938965,186.8602752686,12967000
2019-05-10,188.2500000000,190.0000000000,184.5899963379,188.3399963379,186.5532531738,12578500
2019-05-13,183.5000000000,185.4299926758,180.8399963379,181.5399932861,179.8177490234,16833300
2019-05-14,182.5200042725,183.4900054932,178.1000061035,180.7299957275,179.0154418945,17628100
2019-05-15,180.4199981689,187.2799987793,180.0200042725,186.2700042725,184.5029144287,16746900
2019-05-16,185.0500030518,188.5800018311,185.0500030518,186.9900054932,185.2160644531,12953100
2019-05-17,184.8399963379,187.5800018311,184.2799987793,185.3000030518,183.5420684814,10485400
2019-05-20,181.8800048828,184.2299957275,181.3699951172,182.7200012207,180.9865570068,10352000
2019-05-21,184.5700073242,185.6999969482,183.8899993896,184.8200073242,183.0666503906,7502800
2019-05-22,184.7299957275,186.7400054932,183.6100006104,185.3200073242,183.5618896484,9213800
2019-05-23,182.4199981689,183.8999938965,179.6699981689,180.8699951172,179.1541137695,12768800
2019-05-24,182.3300018311,183.6300048828,180.8300018311,181.0599975586,179.3423004150,8807700
2019-05-28,181.5399932861,184.7100067139,181.4499969482,184.3099975586,182.5614776611,14843300
2019-05-29,183.5000000000,184.5599975586,181.3500061035,182.1900024414,180.4615936279,12797700
2019-05-30,183.0800018311,183.4799957275,180.8899993896,183.0099945068,181.2738037109,8581500
2019-05-31,180.2799987793,180.5399932861,177.1600036621,177.4700012207,175.7863769531,15226500
2019-06-03,175.0000000000,175.0500030518,161.0099945068,164.1499938965,162.5927429199,56059600
2019-06-04,163.7100067139,168.2799987793,160.8399963379,167.5000000000,165.9109802246,46044300
2019-06-05,167.4799957275,168.7200012207,164.6300048828,168.1699981689,166.5746002197,19758300
2019-06-06,168.3000030518,169.6999969482,167.2299957275,168.3300018311,166.7330780029,12446400
2019-06-07,170.1699981689,173.8699951172,168.8399963379,173.3500061035,171.7054443359,16917300
2019-06-10,174.7500000000,177.8600006104,173.8000030518,174.8200073242,173.1615142822,14767900
2019-06-11,178.4799957275,179.9799957275,176.7899932861,178.1000061035,176.4104156494,15266600
2019-06-12,178.3800048828,179.2700042725,172.8800048828,175.0399932861,173.3794250488,17699800
2019-06-13,175.5299987793,178.0299987793,174.6100006104,177.4700012207,175.7863769531,12253600
2019-06-14,180.5099945068,181.8399963379,180.0000000000,181.3300018311,179.6097412109,16773700
2019-06-17,185.0099945068,189.5000000000,184.4100036621,189.0099945068,187.2168884277,29459900
2019-06-18,194.0000000000,194.5299987793,187.2799987793,188.4700012207,186.6820220947,37571400
2019-06-19,187.0000000000,188.1000061035,184.5500030518,187.4799957275,185.7013549805,21417100
2019-06-20,190.9499969482,191.1600036621,187.6399993896,189.5299987793,187.7319488525,14635700
2019-06-21,188.7500000000,192.0000000000,188.7500000000,191.1399993896,189.3266754150,22751200
2019-06-24,192.4199981689,193.9799957275,191.5700073242,192.6000061035,190.7728424072,15509000
2019-06-25,192.8800048828,193.1399993896,188.1300048828,188.8399963379,187.0485229492,16750300
2019-06-26,189.5399932861,190.7599945068,187.3099975586,187.6600036621,185.8796997070,12808600
2019-06-27,189.8800048828,198.8800048828,188.2700042725,189.5000000000,187.7022705078,11159000
2019-06-28,190.5500030518,193.1999969482,189.9400024414,193.0000000000,191.1690673828,16378900
2019-07-01,195.2100067139,195.2799987793,191.9299926758,193.0000000000,191.1690673828,14181800
2019-07-02,193.0000000000,195.0000000000,192.7100067139,195.0000000000,193.1500549316,9050000
2019-07-03,194.1600036621,197.3999938965,194.1600036621,197.1999969482,195.3291778564,10246100
2019-07-05,196.1799926758,197.0700073242,194.1699981689,196.3999938965,194.5367736816,11164100
2019-07-08,195.1900024414,196.6799926758,193.6399993896,195.7599945068,193.9028472900,9723900
2019-07-09,194.9700012207,199.4600067139,194.8899993896,199.2100067139,197.3201599121,14698600
2019-07-10,200.0000000000,202.9600067139,199.6699981689,202.7299957275,200.8067016602,20571700
2019-07-11,203.2599945068,203.8000030518,200.2100067139,201.2299957275,199.3209381104,13678500
2019-07-12,199.6799926758,205.3000030518,199.1600036621,204.8699951172,202.9264373779,15366300
2019-07-15,204.2500000000,205.3300018311,201.8200073242,203.9100036621,201.9755401611,16030300
2019-07-16,203.8899993896,205.4700012207,203.1000061035,203.8399963379,201.9062194824,12132700
2019-07-17,204.1799926758,204.3600006104,201.5899963379,201.8000030518,199.8855438232,12083700
2019-07-18,200.1499938965,202.4700012207,199.3800048828,200.7799987793,198.8752441406,11937900
2019-07-19,202.1799926758,202.3300018311,198.0700073242,198.3600006104,196.4781951904,12098300
2019-07-22,199.9100036621,202.5700073242,198.8099975586,202.3200073242,200.4006347656,13589000
2019-07-23,202.8399963379,204.2400054932,200.9600067139,202.3600006104,200.4402618408,14583700
2019-07-24,197.6300048828,204.8099975586,197.2200012207,204.6600036621,202.7184295654,32532500
2019-07-25,206.6999969482,208.6600036621,198.2599945068,200.7100067139,198.8059082031,39889900
2019-07-26,200.1900024414,202.8800048828,196.2500000000,199.7500000000,197.8549804688,24434000
2019-07-29,199.0000000000,199.6300048828,195.3000030518,195.9400024414,194.0811309814,16530800
2019-07-30,195.3899993896,198.7100067139,193.5000000000,197.0399932861,195.1707153320,11903600
2019-07-31,196.9499969482,198.7599945068,192.6799926758,194.2299957275,192.3873596191,14593500
2019-08-01,194.1699981689,198.4700012207,190.8800048828,192.7299957275,190.9015808105,17777000
2019-08-02,191.1000061035,192.6199951172,188.0700073242,189.0200042725,187.2268371582,15297000
2019-08-05,184.6900024414,185.6699981689,179.3399963379,181.7299957275,180.0059356689,23086700
2019-08-06,183.6900024414,185.7899932861,183.0899963379,184.5099945068,182.7595825195,18035700
2019-08-07,183.6000061035,186.3699951172,181.2200012207,185.1499938965,183.3935394287,15833200
2019-08-08,186.6199951172,190.3399963379,184.0500030518,190.1600036621,188.3560028076,14828900
2019-08-09,190.0000000000,190.9799957275,187.1199951172,187.8500061035,186.0679016113,11058800
2019-08-12,186.8500061035,187.5899963379,184.4600067139,185.3699951172,183.6114044189,10930900
2019-08-13,185.5200042725,191.3800048828,185.3699951172,188.4499969482,186.6622009277,13577000
2019-08-14,185.8000030518,185.9900054932,179.3099975586,179.7100067139,178.0051116943,18903700
2019-08-15,180.9499969482,183.1999969482,180.0299987793,182.5899963379,180.8578186035,12925900
2019-08-16,183.7500000000,185.1000061035,182.3600006104,183.6999969482,181.9572753906,12654600
2019-08-19,186.0099945068,187.5000000000,184.8500061035,186.1699981689,184.4038391113,9691200
2019-08-20,185.4499969482,186.0000000000,182.3899993896,183.8099975586,182.0662231445,10083400
2019-08-21,185.0000000000,185.8999938965,183.1399993896,183.5500030518,181.8087158203,8398200
2019-08-22,183.4299926758,184.1100006104,179.9100036621,182.0399932861,180.3130187988,10821400
2019-08-23,180.8399963379,183.1300048828,176.6600036621,177.7500000000,176.0637359619,17323400
2019-08-26,179.3999938965,180.5000000000,178.2400054932,180.3600006104,178.6489715576,8773600
2019-08-27,181.9299926758,184.0399932861,181.0099945068,181.3000030518,179.5800323486,14399600
2019-08-28,180.5299987793,181.9499969482,178.9199981689,181.7599945068,180.0356597900,9386100
2019-08-29,183.7700042725,186.0800018311,183.4700012207,185.5700073242,183.8095397949,10128700
2019-08-30,186.7799987793,186.8000030518,183.4600067139,185.6699981689,183.9085693359,10774500
2019-09-03,184.0000000000,185.6699981689,182.1100006104,182.3899993896,180.6596984863,9779400
2019-09-04,184.6499938965,187.7500000000,183.8899993896,187.1399993896,185.3646087646,11308000
2019-09-05,188.5299987793,191.3600006104,187.9400024414,190.8999938965,189.0889739990,13876700
2019-09-06,190.2100067139,190.2100067139,186.3500061035,187.4900054932,185.7113342285,15226800
2019-09-09,187.7299957275,188.9799957275,185.8500061035,188.7599945068,186.9692840576,14722400
2019-09-10,187.4400024414,188.1000061035,184.5500030518,186.1699981689,184.4038391113,15455900
2019-09-11,186.4600067139,189.4400024414,186.0800018311,188.4900054932,186.7018432617,11761700
2019-09-12,189.8600006104,190.9299926758,187.2299957275,187.4700012207,185.6915130615,11419800
2019-09-13,187.3300018311,187.9700012207,186.5399932861,187.1900024414,185.4141693115,11441100
2019-09-16,186.9299926758,187.7899932861,185.7700042725,186.2200012207,184.4533691406,8444800
2019-09-17,186.6600036621,188.3200073242,185.5399932861,188.0800018311,186.2957305908,9671100
2019-09-18,188.0899963379,189.0800018311,186.0099945068,188.1399993896,186.3551330566,9681900
2019-09-19,188.6600036621,191.1000061035,188.1499938965,190.1399993896,188.3361663818,10392700
2019-09-20,190.6600036621,193.1000061035,188.1199951172,189.9299926758,188.1281738281,19934200
2019-09-23,189.3399963379,190.1000061035,185.2100067139,186.8200073242,185.0476531982,13327600
2019-09-24,187.9799957275,188.0399932861,180.3899993896,181.2799987793,179.5602111816,18546600
2019-09-25,181.4499969482,183.4199981689,177.8699951172,182.8000030518,181.0657653809,18068300
2019-09-26,181.3300018311,181.3999938965,177.6699981689,180.1100006104,178.4013214111,16083300
2019-09-27,180.4900054932,180.7599945068,175.6600036621,177.1000061035,175.4198760986,14656200
2019-09-30,177.8699951172,178.6699981689,176.8500061035,178.0800018311,176.3905944824,10740000
2019-10-01,179.1499938965,179.8399963379,174.8800048828,175.8099975586,174.1421051025,17073000
2019-10-02,174.8399963379,176.5299987793,173.0899963379,174.6000061035,172.9436035156,16151700
2019-10-03,175.5700073242,179.8399963379,173.6300048828,179.3800048828,177.6782684326,16086300
2019-10-04,179.5500030518,180.9799957275,178.1000061035,180.4499969482,178.7381134033,10430200
2019-10-07,180.0000000000,181.1799926758,178.0899963379,179.6799926758,177.9753875732,9178300
2019-10-08,178.2599945068,180.3699951172,177.7200012207,177.7500000000,176.0637359619,9466900
2019-10-09,179.1600036621,180.7200012207,177.9400024414,179.8500061035,178.1437988281,7556900
2019-10-10,180.3200073242,181.6100006104,179.1699981689,180.0299987793,178.3220672607,8605000
2019-10-11,182.1499938965,186.4900054932,182.1399993896,184.1900024414,182.4426269531,14930500
2019-10-14,184.1999969482,184.6199951172,182.5700073242,183.2799987793,181.5412597656,7006000
2019-10-15,183.8000030518,190.3800048828,183.6600036621,188.8899993896,187.0980224609,15039100
2019-10-16,188.3200073242,189.6999969482,186.8999938965,189.5500030518,187.7517700195,10516900
2019-10-17,190.3000030518,190.8399963379,188.7700042725,190.3899993896,188.5837860107,9603000
2019-10-18,190.2299957275,191.4900054932,183.9199981689,185.8500061035,184.0868682861,16874200
2019-10-21,187.0399932861,189.9100036621,186.7500000000,189.7599945068,187.9597930908,8122600
2019-10-22,190.0000000000,190.6499938965,181.5000000000,182.3399963379,180.6101684570,19537600
2019-10-23,182.0099945068,186.3800048828,182.0000000000,186.1499938965,184.3840484619,12300400
2019-10-24,184.6199951172,186.7299957275,182.8000030518,186.3800048828,184.6118621826,11413500
2019-10-25,185.8300018311,189.0000000000,185.0899963379,187.8899993896,186.1074981689,8061200
2019-10-28,187.1999969482,189.5299987793,185.0800018311,189.3999938965,187.6031951904,13657900
2019-10-29,191.6900024414,192.5299987793,188.4700012207,189.3099975586,187.5140533447,13574900
2019-10-30,189.5599975586,190.4499969482,185.9799957275,188.2500000000,186.4641265869,28734600
2019-10-31,196.6999969482,198.0899963379,188.2500000000,191.6499938965,189.8318634033,42286500
2019-11-01,192.8500061035,194.1100006104,189.9100036621,193.6199951172,191.7831420898,21711800
2019-11-04,194.5500030518,197.3699951172,193.8099975586,194.7200012207,192.8727264404,16371300
2019-11-05,195.3699951172,195.7500000000,193.6000061035,194.3200073242,192.4765319824,9942000
2019-11-06,194.0299987793,194.3699951172,191.3500061035,191.5500030518,189.7328338623,10973000
2019-11-07,191.9100036621,193.4400024414,189.4700012207,190.4199981689,188.6135253906,13473000
2019-11-08,190.0000000000,192.3399963379,189.6999969482,190.8399963379,189.0295410156,10760800
2019-11-11,189.9299926758,190.0800018311,188.5399932861,189.6100006104,187.8112182617,8631200
2019-11-12,190.0000000000,195.0599975586,189.7400054932,194.4700012207,192.6251220703,17615500
2019-11-13,194.6999969482,195.6999969482,192.7400054932,193.1900024414,191.3572387695,10860700
2019-11-14,192.9299926758,194.0299987793,191.4499969482,193.1499938965,191.3176116943,9040500
2019-11-15,194.2599945068,195.3000030518,193.3800048828,195.1000061035,193.2491455078,11524300
2019-11-18,194.5599975586,198.6300048828,193.0500030518,197.3999938965,195.5272827148,16167200
2019-11-19,197.3999938965,200.0000000000,196.8600006104,199.3200073242,197.4290924072,19056800
2019-11-20,198.5800018311,199.5899963379,195.4299926758,197.5099945068,195.6362457275,12355400
2019-11-21,197.4199981689,199.0899963379,196.8600006104,197.9299926758,196.0522766113,12131000
2019-11-22,198.3800048828,199.3000030518,197.6199951172,198.8200073242,196.9338378906,9959800
2019-11-25,199.5200042725,200.9700012207,199.2500000000,199.7899932861,197.8946228027,15272300
2019-11-26,200.0000000000,200.1499938965,198.0399932861,198.9700012207,197.0824279785,11735500
2019-11-27,199.8999938965,203.1399993896,199.4199981689,202.0000000000,200.0836944580,12736600
2019-11-29,201.6000061035,203.8000030518,201.2100067139,201.6399993896,199.7270812988,7985200
2019-12-02,202.1300048828,202.1799926758,198.0500030518,199.6999969482,197.8054809570,11503400
2019-12-03,197.6000061035,198.9299926758,195.0800018311,198.8200073242,196.9338378906,11595300
2019-12-04,200.0000000000,200.0299987793,198.0500030518,198.7100067139,196.8248748779,8456300
2019-12-05,199.8600006104,201.2899932861,198.2100067139,199.3600006104,197.4687042236,9740400
2019-12-06,200.5000000000,201.5700073242,200.0599975586,201.0500030518,199.1426696777,12270600
2019-12-09,200.6499938965,203.1399993896,200.2100067139,201.3399963379,199.4299316406,11954800
2019-12-10,201.6600036621,202.0500030518,200.1499938965,200.8699951172,198.9643707275,9475700
2019-12-11,200.2799987793,202.6300048828,200.2799987793,202.2599945068,200.3411712646,8036800
2019-12-12,202.3500061035,203.6600036621,194.1000061035,196.7500000000,194.8834838867,23734800
2019-12-13,196.3999938965,196.8000030518,193.1699981689,194.1100006104,192.2685241699,18798000
2019-12-16,195.2700042725,199.1199951172,194.8099975586,197.9199981689,196.0423583984,14911500
2019-12-17,198.8399963379,199.0000000000,196.1300048828,198.3899993896,196.5078887939,10175700
2019-12-18,200.0899963379,204.3000030518,200.0899963379,202.5000000000,200.5789489746,23274400
2019-12-19,202.7799987793,206.3000030518,202.5099945068,206.0599975586,204.1051635742,16514600
2019-12-20,207.4799957275,207.7100067139,203.4299926758,206.3000030518,204.3428649902,27306900
2019-12-23,206.6999969482,208.5899963379,205.6799926758,206.1799926758,204.2239990234,13348900
2019-12-24,206.3000030518,206.7899932861,205.0000000000,205.1199951172,203.1740570068,6046300
2019-12-26,205.5700073242,207.8200073242,205.3099975586,207.7899932861,205.8187255859,9350700
2019-12-27,208.6699981689,208.9299926758,206.5899963379,208.1000061035,206.1257781982,10284200
2019-12-30,207.8600006104,207.8999938965,203.8999938965,204.4100036621,202.4708099365,10524300
2019-12-31,204.0000000000,205.5599975586,203.6000061035,205.2500000000,203.3028411865,8953500
2020-01-02,206.7500000000,209.7899932861,206.2700042725,209.7799987793,207.7898406982,12077100
2020-01-03,207.2100067139,210.3999938965,206.9499969482,208.6699981689,206.6903991699,11188400
2020-01-06,206.6999969482,212.7799987793,206.5200042725,212.6000061035,210.5830993652,17058900
2020-01-07,212.8200073242,214.5800018311,211.7500000000,213.0599975586,211.0387420654,14912400
2020-01-08,213.0000000000,216.2400054932,212.6100006104,215.2200012207,213.1782836914,13475000
2020-01-09,217.5399932861,218.3800048828,216.2799987793,218.3000030518,216.2290344238,12642800
2020-01-10,219.1999969482,219.8800048828,217.4199981689,218.0599975586,215.9912872314,12119400
2020-01-13,219.6000061035,221.9700012207,219.2100067139,221.9100036621,219.8048095703,14463400
2020-01-14,221.6100006104,222.3800048828,218.6300048828,219.0599975586,216.9818115234,13288900
2020-01-15,220.6100006104,221.6799926758,220.1399993896,221.1499938965,219.0519714355,10036500
2020-01-16,222.5700073242,222.6300048828,220.3899993896,221.7700042725,219.6661071777,10015300
2020-01-17,222.0299987793,222.2899932861,220.5299987793,222.1399993896,220.0326080322,15905900
2020-01-21,222.1600036621,222.3699951172,219.1199951172,221.4400024414,219.3392486572,14275800
2020-01-22,222.3099975586,222.7500000000,221.2799987793,221.3200073242,219.2203521729,12212800
2020-01-23,220.7500000000,221.4900054932,219.2700042725,219.7599945068,217.6751556396,11195000
2020-01-24,220.8000030518,221.7799987793,216.1100006104,217.9400024414,215.8724517822,11905800
2020-01-27,213.1000061035,216.0599975586,212.5000000000,214.8699951172,212.8315429688,13810700
2020-01-28,216.1399993896,218.7400054932,213.5200042725,217.7899932861,215.7238616943,13413800
2020-01-29,221.4400024414,224.1999969482,218.4499969482,223.2299957275,221.1122589111,33181300
2020-01-30,206.5299987793,211.4299926758,204.7500000000,209.5299987793,207.5422363281,48775500
2020-01-31,208.4299926758,208.6900024414,201.0599975586,201.9100036621,199.9945220947,31359900
2020-02-03,203.4400024414,205.1399993896,202.5000000000,204.1900024414,202.2528839111,15495600
2020-02-04,206.6199951172,210.6000061035,205.1999969482,209.8300018311,207.8393707275,19628900
2020-02-05,212.5099945068,212.7299957275,208.7100067139,210.1100006104,208.1167297363,12538200
2020-02-06,210.4700012207,211.1900024414,209.3399963379,210.8500061035,208.8497161865,10567500
2020-02-07,210.3000030518,212.8200073242,209.9299926758,212.3300018311,210.3156890869,12242500
2020-02-10,211.5200042725,213.8000030518,210.6600036621,213.0599975586,211.0387420654,11856400
2020-02-11,210.1900024414,210.8600006104,206.5099945068,207.1900024414,205.2244110107,25030800
2020-02-12,207.8500061035,211.2200012207,207.3999938965,210.7599945068,208.7605438232,13813700
2020-02-13,209.5200042725,214.3300018311,209.1799926758,213.1399993896,211.1179962158,15396600
2020-02-14,214.0000000000,214.9299926758,212.6499938965,214.1799926758,212.1481323242,10741700
2020-02-18,213.5500030518,217.9799957275,213.3999938965,217.8000030518,215.7337799072,15609200
2020-02-19,217.9900054932,218.3200073242,216.1100006104,217.4900054932,215.4266967773,12135100
2020-02-20,216.5200042725,218.7700042725,212.9499969482,214.5800018311,212.5443115234,13109200
2020-02-21,213.4799957275,214.2400054932,208.8300018311,210.1799926758,208.1860656738,14092300
2020-02-24,201.8000030518,203.6499938965,198.1699981689,200.7200012207,198.8157958984,23080100
2020-02-25,202.2500000000,203.5000000000,195.9499969482,196.7700042725,194.9032745361,21433500
2020-02-26,197.1900024414,201.2100067139,195.4900054932,197.1999969482,195.3291778564,16524500
2020-02-27,191.8200073242,195.8800048828,189.5000000000,189.7500000000,187.9498748779,21682600
2020-02-28,182.6999969482,192.7400054932,181.8200073242,192.4700012207,190.6440734863,32568900
2020-03-02,194.0299987793,196.5700073242,188.8500061035,196.4400024414,194.5764007568,24949000
2020-03-03,196.2200012207,197.2400054932,183.9700012207,185.8899993896,184.1264953613,27984100
2020-03-04,189.1699981689,191.8300018311,186.3899993896,191.7599945068,189.9408264160,23062500
2020-03-05,186.7799987793,188.9900054932,183.8899993896,185.1699981689,183.4132995605,19333400
2020-03-06,178.3300018311,183.7799987793,176.2599945068,181.0899963379,179.3720550537,24559600
2020-03-09,169.6000061035,175.0000000000,165.1900024414,169.5000000000,167.8919830322,29949000
2020-03-10,174.6699981689,178.2899932861,169.5000000000,178.1900024414,176.4995422363,24517800
2020-03-11,174.0099945068,175.8800048828,167.6600036621,170.2400054932,168.6249847412,20373900
2020-03-12,159.5399932861,166.6000061035,154.3399963379,154.4700012207,153.0045776367,43266300
2020-03-13,163.5299987793,170.7899932861,157.6000061035,170.2799987793,168.6645965576,35028600
2020-03-16,152.3200073242,159.1300048828,143.1000061035,146.0099945068,144.6248168945,39120400
2020-03-17,150.7400054932,153.9400024414,140.0000000000,149.4199981689,148.0024871826,34255600
2020-03-18,139.7500000000,148.1799926758,137.1000061035,146.9600067139,145.5658111572,37553100
2020-03-19,146.6199951172,159.9299926758,144.8000030518,153.1300048828,151.6772918701,39862300
2020-03-20,156.0200042725,159.2700042725,148.0000000000,149.7299957275,148.3095245361,32568400
2020-03-23,149.6600036621,152.3099975586,142.2500000000,148.1000061035,146.6950073242,29830800
2020-03-24,155.2100067139,161.3099975586,152.5700073242,160.9799957275,159.4528198242,30440400
2020-03-25,158.9199981689,162.9900054932,153.0599975586,156.2100067139,154.7280731201,35184300
2020-03-26,158.2500000000,164.0000000000,157.0200042725,163.3399963379,161.7904510498,26556800
2020-03-27,158.1999969482,160.0899963379,154.7500000000,156.7899932861,155.3025817871,24879900
2020-03-30,159.1799926758,166.7500000000,158.0599975586,165.9499969482,164.3756713867,22515200
2020-03-31,165.4799957275,170.9299926758,164.1999969482,166.8000030518,165.2175903320,23676300
2020-04-01,161.6199951172,164.1499938965,158.0399932861,159.6000061035,158.0859222412,19507600
2020-04-02,159.1000061035,161.3500061035,155.9199981689,158.1900024414,156.6892852783,20886300
2020-04-03,157.1499938965,157.9100036621,150.8300018311,154.1799926758,152.7173156738,25983300
2020-04-06,160.1499938965,166.1999969482,158.5099945068,165.5500030518,163.9794311523,28453600
2020-04-07,171.7899932861,173.3899993896,166.0099945068,168.8300018311,167.2283325195,31411900
2020-04-08,171.2500000000,175.0000000000,167.7400054932,174.2799987793,172.6266479492,21664200
2020-04-09,175.8999938965,177.0800018311,171.5700073242,175.1900024414,173.5279998779,23534300
2020-04-13,173.6699981689,175.0000000000,169.4499969482,174.7899932861,173.1318054199,19355400
2020-04-14,178.9799957275,181.2299957275,176.6199951172,178.1699981689,176.4797363281,21011800
2020-04-15,175.1900024414,178.1900024414,172.8200073242,176.9700012207,175.2911071777,17423000
2020-04-16,177.9499969482,178.0500030518,172.5099945068,176.2500000000,174.5779571533,23593200
2020-04-17,179.1999969482,180.2799987793,176.6600036621,179.2400054932,177.5396118164,20974800
2020-04-20,177.4100036621,180.5000000000,176.7700042725,178.2400054932,176.5490722656,16110700
2020-04-21,175.2500000000,175.3800048828,168.3399963379,170.8000030518,169.1796569824,24850500
2020-04-22,178.4499969482,184.7799987793,178.1399993896,182.2799987793,180.5507202148,33242000
2020-04-23,184.0800018311,187.0500030518,183.1499938965,185.1300048828,183.3737335205,21426600
2020-04-24,183.2299957275,190.4100036621,180.8300018311,190.0700073242,188.2668457031,28792000
2020-04-27,192.6600036621,193.7500000000,187.4100036621,187.5000000000,185.7212066650,29197800
2020-04-28,188.6600036621,189.1999969482,182.5599975586,182.9100036621,181.1747894287,21731000
2020-04-29,190.9299926758,196.9100036621,190.0000000000,194.1900024414,192.3477478027,45954500
2020-04-30,206.9199981689,209.6900024414,201.5700073242,204.7100067139,202.7679595947,46230100
2020-05-01,201.6000061035,207.2799987793,199.0500030518,202.2700042725,200.3511352539,30415600
2020-05-04,200.1999969482,205.9100036621,198.7599945068,205.2599945068,203.3127136230,19250700
2020-05-05,207.0200042725,210.3800048828,206.5000000000,207.0700073242,205.1055755615,21071200
2020-05-06,208.1199951172,211.6000061035,206.6600036621,208.4700012207,206.4922943115,21857000
2020-05-07,211.1600036621,211.6000061035,209.0399932861,211.2599945068,209.2557983398,15152000
2020-05-08,212.2400054932,213.2100067139,210.8500061035,212.3500061035,210.3354797363,12506000
2020-05-11,210.8899993896,215.0000000000,210.3699951172,213.1799926758,211.1575775146,12911900
2020-05-12,213.2899932861,215.2799987793,210.0000000000,210.1000061035,208.1068267822,14704600
2020-05-13,209.4299926758,210.7799987793,202.1100006104,205.1000061035,203.1542663574,20684600
2020-05-14,202.5599975586,206.9299926758,200.6900024414,206.8099975586,204.8480224609,17178900
2020-05-15,205.2700042725,211.3399963379,204.1199951172,210.8800048828,208.8794555664,19383200
2020-05-18,212.1499938965,214.6399993896,210.9400024414,213.1900024414,211.1675262451,20151900
2020-05-19,213.2700042725,220.4900054932,212.8300018311,216.8800048828,214.8225097656,31843200
2020-05-20,223.5000000000,231.3399963379,223.1900024414,229.9700012207,227.7883148193,50162900
2020-05-21,234.7200012207,237.1999969482,231.1999969482,231.3899993896,229.1948394775,47782600
2020-05-22,231.5099945068,235.9900054932,228.7400054932,234.9100036621,232.6814727783,33925600
2020-05-26,239.7700042725,240.8999938965,231.6699981689,232.1999969482,229.9971466064,33178300
2020-05-27,229.0700073242,230.5599975586,221.1300048828,229.1399993896,226.9661865234,34697600
2020-05-28,224.3000030518,231.6300048828,224.0000000000,225.4600067139,223.3211059570,29377200
2020-05-29,225.1999969482,227.4900054932,222.8800048828,225.0899963379,222.9545898438,23241500
2020-06-01,224.5899963379,232.4400024414,223.5000000000,231.9100036621,229.7098999023,18223800
2020-06-02,230.9400024414,233.0000000000,226.5599975586,232.7200012207,230.5122222900,20919000
2020-06-03,232.1100006104,232.6499938965,228.5299987793,230.1600036621,227.9765319824,15380300
2020-06-04,229.5599975586,231.6300048828,224.6100006104,226.2899932861,224.1432189941,17041500
2020-06-05,226.7100067139,231.3500061035,225.3099975586,230.7700042725,228.5807189941,16750400
2020-06-08,229.0299987793,231.5500030518,227.4100036621,231.3999938965,229.2047424316,15466500
2020-06-09,231.5200042725,239.7700042725,230.4100036621,238.6699981689,236.4057922363,27462900
2020-06-10,240.9600067139,241.2100067139,235.2799987793,236.7299957275,234.4841918945,20720700
2020-06-11,229.9400024414,232.8899993896,223.5500030518,224.4299926758,222.3008575439,26708200
2020-06-12,229.8999938965,231.6600036621,224.5000000000,228.5800018311,226.4115142822,22091400
2020-06-15,225.0899963379,233.7700042725,224.8000030518,232.5000000000,230.2943420410,15340300
2020-06-16,237.1399993896,238.4600067139,233.0000000000,235.6499938965,233.4144287109,15236700
2020-06-17,235.0000000000,237.5899963379,231.7299957275,235.5299987793,233.2955780029,19578100
2020-06-18,234.9900054932,236.1399993896,232.1499938965,235.9400024414,233.7016754150,15782500
2020-06-19,237.7899932861,240.8300018311,235.5500030518,238.7899932861,236.5246429443,30081300
2020-06-22,238.5599975586,240.6999969482,236.9100036621,239.2200012207,236.9505767822,18917800
2020-06-23,241.2799987793,245.1900024414,239.8600006104,242.2400054932,239.9419097900,24017900
2020-06-24,241.1999969482,243.2200012207,232.6799926758,234.0200042725,231.7998962402,20834900
2020-06-25,234.6199951172,237.3000030518,232.7400054932,235.6799926758,233.4441528320,18704300
2020-06-26,232.6399993896,233.0899963379,215.3999938965,216.0800018311,214.0300750732,76343900
2020-06-29,209.7500000000,220.7500000000,207.1100006104,220.6399993896,218.5468139648,58514300
2020-06-30,220.5899963379,227.5000000000,218.4700012207,227.0700073242,224.9158325195,33927100
2020-07-01,228.5000000000,239.0000000000,227.5599975586,237.5500030518,235.2964172363,43399700
2020-07-02,239.0000000000,240.0000000000,232.6100006104,233.4199981689,231.2055664062,30633600
2020-07-06,233.7599945068,240.3999938965,232.2700042725,240.2799987793,238.0005035400,26206200
2020-07-07,239.4100036621,247.6499938965,238.8200073242,240.8600006104,238.5749969482,27887800
2020-07-08,238.1100006104,246.9900054932,236.5899963379,243.5800018311,241.2691955566,29791300
2020-07-09,245.0000000000,246.5299987793,239.2400054932,244.5000000000,242.1804809570,22174900
2020-07-10,243.6900024414,245.4900054932,239.3200073242,245.0700073242,242.7450714111,22982700
2020-07-13,247.0099945068,250.1499938965,238.4199981689,239.0000000000,236.7326660156,24674900
2020-07-14,236.7599945068,240.3300018311,232.0299987793,239.7299957275,237.4557495117,23378100
2020-07-15,241.5500030518,244.8200073242,238.0500030518,240.2799987793,238.0005035400,19133600
2020-07-16,238.0000000000,241.7599945068,236.3300018311,240.9299926758,238.6443176270,18880700
2020-07-17,241.0000000000,244.1600036621,237.8600006104,242.0299987793,239.7338867188,18152400
2020-07-20,240.0599975586,246.0500030518,235.6399993896,245.4199981689,243.0917510986,20872200
2020-07-21,246.2200012207,246.9100036621,240.0800018311,241.7500000000,239.4565277100,19364200
2020-07-22,240.2599945068,241.8999938965,238.1199951172,239.8699951172,237.5944213867,15427900
2020-07-23,239.6300048828,242.4199981689,231.7500000000,232.6000061035,230.3933868408,21771800
2020-07-24,230.1900024414,233.4900054932,226.8999938965,230.7100067139,228.5213012695,18325800
2020-07-27,231.4600067139,234.9499969482,230.8300018311,233.5000000000,231.2848205566,13163100
2020-07-28,234.6300048828,234.9600067139,229.8300018311,230.1199951172,227.9368591309,14170100
2020-07-29,231.1399993896,233.6999969482,230.3099975586,233.2899932861,231.0768127441,13588300
2020-07-30,230.2200012207,234.8899993896,229.0000000000,234.5000000000,232.2753448486,20615300
2020-07-31,255.8200073242,255.8500061035,249.0000000000,253.6699981689,251.2634735107,53005100
2020-08-03,252.6499938965,255.3999938965,250.3300018311,251.9600067139,249.5697174072,23124900
2020-08-04,251.5599975586,252.8000030518,247.4299926758,249.8300018311,247.4598999023,17183500
2020-08-05,250.1900024414,252.2700042725,247.7700042725,249.1199951172,246.7566070557,13050100
2020-08-06,249.0399932861,266.6000061035,248.6699981689,265.2799987793,262.7633361816,45241600
2020-08-07,264.0799865723,278.8900146484,263.4299926758,268.4400024414,265.8933410645,72766400
2020-08-10,268.0400085449,273.8599853516,259.6900024414,263.0000000000,260.5049133301,30248800
2020-08-11,260.1900024414,265.9200134277,255.1300048828,256.1300048828,253.7001495361,28238300
2020-08-12,258.9700012207,263.8999938965,258.1099853516,259.8900146484,257.4244689941,21415700
2020-08-13,261.5499877930,265.1600036621,259.5700073242,261.2999877930,258.8211364746,17374000
2020-08-14,262.3099975586,262.6499938965,258.6799926758,261.2399902344,258.7616271973,14792700
2020-08-17,262.5000000000,264.1000061035,259.3999938965,261.1600036621,258.6824340820,13351100
2020-08-18,260.9500122070,265.1499938965,259.2600097656,262.3399963379,259.8512573242,18690400
2020-08-19,261.3900146484,267.9100036621,261.3500061035,262.5899963379,260.0987854004,23291500
2020-08-20,261.5000000000,269.6300048828,261.4599914551,269.0100097656,266.4579772949,20299700
2020-08-21,268.6900024414,270.4899902344,266.4200134277,267.0100097656,264.4769287109,15538600
2020-08-24,271.0700073242,277.2500000000,268.7699890137,271.3900146484,268.8153686523,23685600
2020-08-25,272.4100036621,283.0899963379,270.2600097656,280.8200073242,278.1559143066,42127200
2020-08-26,284.0000000000,304.6700134277,284.0000000000,303.9100036621,301.0268249512,69015200
2020-08-27,300.1600036621,301.2300109863,292.0199890137,293.2200012207,290.4382934570,30301300
2020-08-28,295.0000000000,297.2300109863,290.9800109863,293.6600036621,290.8740844727,17157400
2020-08-31,293.9500122070,296.8800048828,291.5499877930,293.2000122070,290.4184570312,17345100
2020-09-01,294.7099914551,301.4899902344,292.7099914551,295.4400024414,292.6372070312,17295900
2020-09-02,298.8800048828,303.6000061035,293.0499877930,302.5000000000,299.6301879883,24341400
2020-09-03,295.9899902344,297.6000061035,283.6300048828,291.1199951172,288.3582153320,32294100
2020-09-04,287.2500000000,289.0000000000,271.1400146484,282.7300109863,280.0477905273,30333700
2020-09-08,271.2799987793,279.2999877930,269.4200134277,271.1600036621,268.5875244141,24864000
2020-09-09,275.7699890137,278.4800109863,271.3500061035,273.7200012207,271.1233215332,22918800
2020-09-10,275.5100097656,279.1600036621,267.0299987793,268.0899963379,265.5467224121,24814700
2020-09-11,270.0599975586,271.3900146484,262.6400146484,266.6099853516,264.0807495117,18913900
2020-09-14,270.9500122070,276.6400146484,265.7000122070,266.1499938965,263.6250915527,24093800
2020-09-15,270.6700134277,274.5199890137,269.2999877930,272.4200134277,269.8355712891,18478500
2020-09-16,267.2900085449,272.4400024414,261.7900085449,263.5199890137,261.0200195312,29183400
2020-09-17,258.2799987793,261.5000000000,250.1900024414,254.8200073242,252.4025726318,31281400
2020-09-18,258.3999938965,259.2000122070,250.0500030518,252.5299987793,250.1342926025,28130800
2020-09-21,247.5399932861,249.9499969482,244.1300048828,248.1499938965,245.7958221436,24709400
2020-09-22,253.3099975586,255.3200073242,248.2200012207,254.7500000000,252.3332214355,30293100
2020-09-23,255.2599945068,257.9899902344,248.1499938965,249.0200042725,246.6576080322,19641300
2020-09-24,246.5000000000,252.2400054932,245.6199951172,249.5299987793,247.1627502441,20006800
2020-09-25,249.3999938965,255.7500000000,246.6100006104,254.8200073242,252.4025726318,18351300
2020-09-28,259.3999938965,259.6000061035,254.8200073242,256.8200073242,254.3835906982,18826300
2020-09-29,257.8099975586,263.3299865723,256.8999938965,261.7900085449,259.3064575195,20200200
2020-09-30,261.9800109863,266.0799865723,260.1000061035,261.8999938965,259.4154052734,20142500
2020-10-01,265.3500061035,268.3299865723,264.7999877930,266.6300048828,264.1005249023,20009800
2020-10-02,261.2099914551,265.1499938965,259.1799926758,259.9400024414,257.4739990234,16367600
2020-10-05,262.2000122070,264.8699951172,260.8399963379,264.6499938965,262.1393127441,12822300
2020-10-06,261.7799987793,265.6900024414,258.2399902344,258.6600036621,256.2061767578,18696900
2020-10-07,259.2099914551,260.1799926758,254.8200073242,258.1199951172,255.6712799072,23133400
2020-10-08,259.7500000000,264.6199951172,259.1499938965,263.7600097656,261.2577514648,16312800
2020-10-09,264.5199890137,264.7500000000,262.1700134277,264.4500122070,261.9412536621,14107800
2020-10-12,270.2000122070,280.1799926758,267.8699951172,275.7500000000,273.1340637207,31019300
2020-10-13,277.5799865723,279.1000061035,273.3900146484,276.1400146484,273.5203247070,18063300
2020-10-14,277.6199951172,278.7500000000,271.5000000000,271.8200073242,269.2412719727,15577800
2020-10-15,267.6000061035,269.0400085449,263.6700134277,266.7200012207,264.1896362305,15416100
2020-10-16,267.3800048828,271.3699951172,265.2999877930,265.9299926758,263.4071350098,16622700
2020-10-19,265.5299987793,268.5499877930,259.8800048828,261.3999938965,258.9201660156,13587000
2020-10-20,263.0599975586,269.7000122070,262.8800048828,267.5599975586,265.0216979980,18763200
2020-10-21,279.5599975586,283.0499877930,276.3699951172,278.7300109863,276.0857849121,28998600
2020-10-22,279.8699951172,282.4500122070,275.0400085449,278.1199951172,275.4815979004,16720000
2020-10-23,278.7999877930,285.2399902344,276.8200073242,284.7900085449,282.0883178711,17535200
2020-10-26,283.1600036621,285.2300109863,274.2600097656,277.1099853516,274.4811401367,21322900
2020-10-27,278.7600097656,284.5100097656,276.3099975586,283.2900085449,280.6025085449,16287200
2020-10-28,278.7900085449,278.7900085449,267.2600097656,267.6700134277,265.1306762695,23121800
2020-10-29,276.5499877930,283.6000061035,273.7799987793,280.8299865723,278.1658325195,32368100
2020-10-30,274.5000000000,276.7000122070,259.1000061035,263.1099853516,260.6138916016,47247800
2020-11-02,264.6000061035,270.4700012207,257.3399963379,261.3599853516,258.8804931641,27165700
2020-11-03,263.1600036621,270.0499877930,260.8800048828,265.2999877930,262.7831420898,17961900
2020-11-04,281.0000000000,288.9400024414,278.6199951172,287.3800048828,284.6536865234,35364400
2020-11-05,291.8999938965,297.3800048828,288.9500122070,294.6799926758,291.8843994141,23823600
2020-11-06,293.9500122070,294.6000061035,288.0599975586,293.4100036621,290.6264343262,13891000
2020-11-09,289.8699951172,292.5799865723,278.5299987793,278.7699890137,276.1252746582,25117700
2020-11-10,273.1000061035,274.0000000000,264.0000000000,272.4299926758,269.8455200195,29067700
2020-11-11,273.4700012207,278.3999938965,272.4800109863,276.4800109863,273.8570556641,14957000
2020-11-12,277.1799926758,279.7500000000,274.4299926758,275.0799865723,272.4703979492,12899500
2020-11-13,277.7200012207,277.7600097656,273.1000061035,276.9500122070,274.3226623535,10391200
2020-11-16,275.0499877930,279.4100036621,274.6300048828,278.9599914551,276.3135375977,12970400
2020-11-17,277.6799926758,277.6799926758,273.2900085449,275.0000000000,272.3911437988,15040300
2020-11-18,274.5199890137,277.3900146484,271.8399963379,271.9700012207,269.3898620605,12152900
2020-11-19,271.0199890137,273.4700012207,269.1900024414,272.9400024414,270.3506774902,12963700
2020-11-20,272.5599975586,273.0000000000,269.4100036621,269.7000122070,267.1414184570,18114700
2020-11-23,270.8900146484,270.9500122070,264.5299987793,268.4299926758,265.8834533691,20990800
2020-11-24,268.4899902344,277.8200073242,267.8699951172,276.9200134277,274.2929687500,16930400
2020-11-25,278.1400146484,280.1799926758,272.6499938965,275.5899963379,272.9755249023,12467000
2020-11-27,277.3900146484,279.1300048828,274.8200073242,277.8099975586,275.1744384766,7808400
2020-11-30,276.0299987793,277.7000122070,271.0100097656,276.9700012207,274.3424072266,16693300
2020-12-01,279.1600036621,289.2999877930,278.9599914551,286.5499877930,283.8315734863,20738900
2020-12-02,285.3599853516,291.7799987793,280.8299865723,287.5199890137,284.7922973633,17361600
2020-12-03,286.2500000000,286.6499938965,281.0700073242,281.8500061035,279.1761779785,12921700
2020-12-04,280.2999877930,283.4599914551,279.2999877930,279.7000122070,277.0465393066,10880300
2020-12-07,279.1900024414,288.4899902344,278.2000122070,285.5799865723,282.8707580566,13007700
2020-12-08,286.0100097656,286.4299926758,281.5499877930,283.3999938965,280.7114562988,10747700
2020-12-09,283.6600036621,287.6300048828,271.7500000000,277.9200134277,275.2834472656,25189700
2020-12-10,275.5400085449,278.7300109863,271.8599853516,277.1199951172,274.4909973145,20065100
2020-12-11,274.5299987793,276.4800109863,270.2500000000,273.5499877930,270.9548339844,14391400
2020-12-14,273.3699951172,277.2200012207,271.5599975586,274.1900024414,271.5887756348,16376900
2020-12-15,274.8299865723,276.0799865723,267.4700012207,275.5499877930,272.9359130859,23979500
2020-12-16,274.7600097656,277.8599853516,272.5100097656,275.6700134277,273.0547790527,15885000
2020-12-17,277.0700073242,280.4400024414,273.6099853516,274.4800109863,271.8760681152,16377800
2020-12-18,275.7699890137,278.0000000000,271.1400146484,276.3999938965,273.7778320312,26693200
2020-12-21,272.9800109863,274.6700134277,267.7900085449,272.7900085449,270.2020874023,16553700
2020-12-22,271.5000000000,271.5000000000,264.6300048828,267.0899963379,264.5561828613,17312900
2020-12-23,266.8900146484,272.1700134277,266.2300109863,268.1099853516,265.5664672852,14329000
2020-12-24,268.8800048828,270.3999938965,266.2000122070,267.3999938965,264.8632507324,6702000
2020-12-28,268.7399902344,277.2999877930,265.6600036621,277.0000000000,274.3721618652,23299700
2020-12-29,276.9500122070,280.5100097656,276.2799987793,276.7799987793,274.1541748047,16383000
2020-12-30,277.9500122070,278.0799865723,271.7099914551,271.8699951172,269.2908325195,11803800
2020-12-31,272.0000000000,277.0899963379,269.8099975586,273.1600036621,270.5685729980,12900400
2021-01-04,274.7799987793,275.0000000000,265.2000122070,268.9400024414,266.3885803223,15106100
2021-01-05,268.2900085449,272.3999938965,268.2099914551,270.9700012207,268.3993225098,9871600
2021-01-06,262.0000000000,267.7500000000,260.0100097656,263.3099975586,260.8119812012,24354100
2021-01-07,265.8999938965,271.6099853516,264.7799987793,268.7399902344,266.1904296875,15789800
2021-01-08,268.3099975586,268.9500122070,263.1799926758,267.5700073242,265.0316162109,18528300
2021-01-11,260.4800109863,263.4700012207,255.8999938965,256.8399963379,254.4034118652,30412300
2021-01-12,256.6300048828,259.7200012207,250.3000030518,251.0899963379,248.7079620361,26383500
2021-01-13,251.5500030518,253.9499969482,249.1999969482,251.6399993896,249.2527618408,19528900
2021-01-14,253.3999938965,255.0299987793,244.6100006104,245.6399993896,243.3096466064,29739400
2021-01-15,247.8999938965,253.8600006104,247.1600036621,251.3600006104,248.9754028320,24942900
2021-01-19,256.8999938965,262.2000122070,252.7200012207,261.1000061035,258.6230468750,28028500
2021-01-20,268.9299926758,270.3200073242,263.6000061035,267.4800109863,264.9424743652,25199900
2021-01-21,269.2600097656,273.6000061035,267.4899902344,272.8699951172,270.2812805176,20838700
2021-01-22,272.0100097656,278.4700012207,272.0000000000,274.5000000000,271.8958129883,21954000
2021-01-25,278.1400146484,280.1000061035,271.5100097656,278.0100097656,275.3725585938,19087000
2021-01-26,278.1400146484,285.3900146484,277.8099975586,282.0499877930,279.3742370605,19373600
2021-01-27,282.5299987793,283.4500122070,268.1199951172,272.1400146484,269.5582580566,35346200
2021-01-28,277.1799926758,286.7900085449,264.7000122070,265.0000000000,262.4859619141,37758800
2021-01-29,265.2999877930,266.5599975586,254.8500061035,258.3299865723,255.8792419434,30389500
2021-02-01,259.5199890137,264.1700134277,254.9100036621,262.0100097656,259.5243835449,22914300
2021-02-02,264.0000000000,268.8500061035,263.2699890137,267.0799865723,264.5462341309,17320800
2021-02-03,265.6199951172,269.2000122070,263.8399963379,266.6499938965,264.1203002930,14223400
2021-02-04,267.0100097656,268.1600036621,264.0000000000,266.4899902344,263.9618530273,16060000
2021-02-05,266.7999877930,269.1700134277,265.6700134277,268.1000061035,265.5565185547,12454400
2021-02-08,268.7500000000,269.8599853516,265.0000000000,266.5799865723,264.0510253906,13755200
2021-02-09,266.4400024414,273.3900146484,265.7500000000,269.4500122070,266.8937988281,14613400
2021-02-10,272.4500122070,273.7999877930,267.7200012207,271.8699951172,269.2908325195,14687200
2021-02-11,271.8900146484,273.5799865723,268.4899902344,270.3900146484,267.8248901367,12828600
2021-02-12,270.5199890137,271.1799926758,268.3399963379,270.5000000000,267.9338073730,9097600
2021-02-16,270.7999877930,276.6000061035,270.0499877930,273.9700012207,271.3708496094,15417200
2021-02-17,271.2399902344,273.9700012207,269.5799865723,273.5700073242,270.9747009277,12763200
2021-02-18,269.5700073242,271.9500122070,266.0299987793,269.3900146484,266.8343505859,15249100
2021-02-19,269.8599853516,270.2699890137,260.1499938965,261.5599975586,259.0786132812,25622600
2021-02-22,257.9500122070,263.0700073242,257.5299987793,260.3299865723,257.8602905273,17434900
2021-02-23,259.5000000000,267.4599914551,254.9600067139,265.8599853516,263.3377990723,21924600
2021-02-24,262.3299865723,266.3800048828,258.3900146484,264.3099975586,261.8025512695,15736100
2021-02-25,262.2999877930,266.9400024414,254.0399932861,254.6900024414,252.2737884521,19053100
2021-02-26,256.4700012207,265.5499877930,256.4700012207,257.6199951172,255.1760101318,26619500
2021-03-01,260.8200073242,266.6499938965,257.8999938965,264.9100036621,262.3968200684,22157300
2021-03-02,265.7799987793,266.7099914551,258.6499938965,259.0000000000,256.5429382324,15191700
2021-03-03,260.2900085449,260.9899902344,255.1000061035,255.4100036621,252.9869537354,15513500
2021-03-04,256.4700012207,266.4899902344,253.5000000000,257.6400146484,255.1958007812,31626500
2021-03-05,260.6700134277,265.4500122070,255.6100006104,264.2799987793,261.7727966309,26820100
2021-03-08,265.5499877930,265.5799865723,255.0500030518,255.3099975586,252.8879241943,18391800
2021-03-09,261.1799926758,268.5299987793,259.8099975586,265.7399902344,263.2189636230,22039700
2021-03-10,268.6400146484,268.9700012207,262.8699951172,264.8999938965,262.3869323730,14210300
2021-03-11,268.1099853516,277.8999938965,267.8200073242,273.8800048828,271.2817382812,21834000
2021-03-12,269.1400146484,269.7399902344,264.0199890137,268.3999938965,265.8537292480,20600200
2021-03-15,269.0799865723,275.9599914551,268.5000000000,273.7500000000,271.1529846191,16844800
2021-03-16,276.0799865723,282.1400146484,274.7999877930,279.2799987793,276.6305236816,22437700
2021-03-17,275.7099914551,286.2300109863,275.4100036621,284.0100097656,281.3156433105,21315000
2021-03-18,279.8699951172,285.1900024414,278.2799987793,278.6199951172,275.9768066406,18728300
2021-03-19,281.2200012207,292.7999877930,281.2000122070,290.1099853516,287.3577575684,38930500
2021-03-22,290.4500122070,299.7099914551,286.7500000000,293.5400085449,290.7551879883,28273100
2021-03-23,293.1499938965,298.0000000000,289.8099975586,290.6300048828,287.8729248047,23000900
2021-03-24,291.0000000000,291.7200012207,281.1600036621,282.1400146484,279.4633483887,18675000
2021-03-25,280.9800109863,288.0599975586,277.7500000000,278.7399902344,276.0956115723,24505600
2021-03-26,278.2999877930,284.5000000000,277.7699890137,283.0199890137,280.3350219727,17629200
2021-03-29,285.7699890137,293.1799926758,284.7000122070,290.8200073242,288.0610656738,21718800
2021-03-30,289.8299865723,292.4700012207,286.7000122070,288.0000000000,285.2677307129,17474500
2021-03-31,289.9899902344,296.5000000000,288.6099853516,294.5299987793,291.7358703613,19498200
2021-04-01,298.3999938965,302.3999938965,296.6000061035,298.6600036621,295.8266906738,17616000
2021-04-05,300.8900146484,310.7699890137,300.6799926758,308.9100036621,305.9794006348,28237000
2021-04-06,308.8399963379,311.3500061035,305.2500000000,306.2600097656,303.3545837402,17335200
2021-04-07,306.3399963379,314.2500000000,305.5000000000,313.0899963379,310.1197509766,22855200
2021-04-08,314.8500061035,315.8800048828,310.0499877930,313.0199890137,310.0503845215,20894100
2021-04-09,311.3999938965,314.7399902344,310.3299865723,312.4599914551,309.4957275391,15988600
2021-04-12,311.0499877930,312.1499938965,307.9299926758,311.5400085449,308.5845031738,10881900
2021-04-13,312.2099914551,314.4299926758,309.3200073242,309.7600097656,306.8213806152,14036900
2021-04-14,307.2999877930,308.0299987793,301.9500122070,302.8200073242,299.9472351074,17421400
2021-04-15,306.3399963379,310.1400146484,304.1000061035,307.8200073242,304.8997192383,14558300
2021-04-16,308.1700134277,308.9500122070,304.6099853516,306.1799926758,303.2753295898,13059200
2021-04-19,305.0100097656,307.7000122070,300.5599975586,302.2399902344,299.3727416992,14553500
2021-04-20,301.9899902344,305.1000061035,297.2099914551,302.6499938965,299.7788085938,16796400
2021-04-21,301.9500122070,301.9800109863,297.3900146484,301.4700012207,298.6100158691,14863500
2021-04-22,301.3299865723,302.9200134277,296.0400085449,296.5199890137,293.7070312500,16375400
2021-04-23,298.7600097656,302.5899963379,297.1499938965,301.1300048828,298.2732238770,17536800
2021-04-26,303.3399963379,305.7999877930,301.5599975586,303.0400085449,300.1651611328,16172600
2021-04-27,304.2799987793,305.3399963379,301.1099853516,303.5700073242,300.6900634766,15309300
2021-04-28,307.3599853516,310.9200134277,305.3699951172,307.1000061035,304.1866149902,33907200
2021-04-29,330.1199951172,331.8099975586,321.6099853516,329.5100097656,326.3840026855,56526800
2021-04-30,326.1400146484,329.8200073242,324.5000000000,325.0799865723,321.9960021973,26332400
2021-05-03,326.1700134277,328.5499877930,321.8399963379,322.5799865723,319.5197448730,18719500
2021-05-04,320.0199890137,322.1900024414,313.1199951172,318.3599853516,315.3397827148,24032600
2021-05-05,318.1900024414,321.0599975586,314.4899902344,315.0199890137,312.0314331055,15577600
2021-05-06,314.5199890137,320.2399902344,313.2699890137,320.0199890137,316.9840087891,19012200
2021-05-07,322.3800048828,322.9400024414,318.7500000000,319.0799865723,316.0529174805,15916700
2021-05-10,314.3500061035,314.5799865723,304.8299865723,305.9700012207,303.0673217773,24239200
2021-05-11,300.7500000000,306.8399963379,299.6900024414,306.5299987793,303.6219482422,18920100
2021-05-12,301.1300048828,304.9599914551,298.1900024414,302.5499877930,299.6797485352,24645500
2021-05-13,306.0799865723,308.8599853516,302.7699890137,305.2600097656,302.3640441895,18079200
2021-05-14,309.5400085449,316.8500061035,309.0799865723,315.9400024414,312.9427490234,19245700
2021-05-17,313.5499877930,315.6799926758,311.5799865723,315.4599914551,312.4673156738,15401300
2021-05-18,315.5899963379,316.5000000000,309.8099975586,309.9599914551,307.0194396973,14522400
2021-05-19,304.1900024414,314.6600036621,303.5700073242,313.5899963379,310.6150207520,19106200
2021-05-20,313.5799865723,319.2500000000,313.1600036621,318.6099853516,315.5874023438,17320200
2021-05-21,319.2900085449,319.9299926758,315.8099975586,316.2300109863,313.2299804688,13600900
2021-05-24,318.2099914551,325.9500122070,318.0299987793,324.6300048828,321.5503234863,16445400
2021-05-25,327.0799865723,329.1799926758,324.7999877930,327.7900085449,324.6803283691,16437000
2021-05-26,328.3500061035,329.8299865723,325.8200073242,327.6600036621,324.5515136719,9686900
2021-05-27,328.0000000000,333.7799987793,326.7600097656,332.7500000000,329.5932617188,20477700
2021-05-28,331.0000000000,332.8699951172,328.3299865723,328.7300109863,325.6113891602,12037400
2021-06-01,330.1499938965,331.4200134277,326.6400146484,329.1300048828,326.0076293945,11765900
2021-06-02,330.3800048828,331.8699951172,327.1199951172,329.1499938965,326.0274353027,11654300
2021-06-03,325.7799987793,327.3800048828,323.4800109863,326.0400085449,322.9468994141,12610800
2021-06-04,325.8999938965,332.4599914551,325.1799926758,330.3500061035,327.2160339355,13289400
2021-06-07,329.4800109863,337.6900024414,328.9299926758,336.5799865723,333.3869628906,20136700
2021-06-08,336.7000122070,338.2999877930,332.2399902344,333.6799926758,330.5144042969,14580500
2021-06-09,335.7399902344,336.7999877930,330.0000000000,330.2500000000,327.1170043945,13727900
2021-06-10,330.7900085449,333.9400024414,328.5499877930,332.4599914551,329.3059692383,13240200
2021-06-11,332.5799865723,332.8299865723,328.9299926758,331.2600097656,328.1174011230,13587900
2021-06-14,331.8999938965,336.8200073242,329.8099975586,336.7699890137,333.5751342773,12250800
2021-06-15,336.9899902344,339.9200134277,335.0299987793,336.7500000000,333.5553283691,15795200
2021-06-16,336.7000122070,337.5499877930,328.7200012207,331.0799865723,327.9390869141,17232200
2021-06-17,330.4899902344,337.9800109863,330.1499938965,336.5100097656,333.3176269531,17794100
2021-06-18,334.5299987793,336.1499938965,329.0000000000,329.6600036621,326.5325622559,23039500
2021-06-21,331.0899963379,332.9200134277,327.6499938965,332.2900085449,329.1376342773,11337500
2021-06-22,332.6900024414,339.9200134277,332.6000061035,339.0299987793,335.8136901855,15345300
2021-06-23,339.3500061035,343.4200134277,338.2000122070,340.5899963379,337.3588867188,14817800
2021-06-24,341.8500061035,344.8999938965,341.7900085449,343.1799926758,339.9243164062,12329100
2021-06-25,342.5899963379,344.1199951172,339.6799926758,341.3699951172,338.1314697266,14594400
2021-06-28,342.4599914551,358.1400146484,341.7699890137,355.6400146484,352.2660522461,29156100
2021-06-29,356.2699890137,356.7399902344,349.0499877930,351.8900146484,348.5517272949,21417300
2021-06-30,352.1700134277,352.9200134277,347.1700134277,347.7099914551,344.4112854004,15107500
2021-07-01,346.8200073242,354.6700134277,346.5000000000,354.3900146484,351.0279541016,17137000
2021-07-02,355.1000061035,356.4400024414,352.6199951172,354.7000122070,351.3350219727,11521300
2021-07-06,356.5000000000,358.7900085449,349.1799926758,352.7799987793,349.4332580566,13488500
2021-07-07,355.2600097656,356.4899902344,350.0000000000,350.4899902344,347.1649475098,14218900
2021-07-08,345.7300109863,348.3299865723,342.5599975586,345.6499938965,342.3709106445,14406500
2021-07-09,345.3200073242,350.7099914551,345.2699890137,350.4200134277,347.0956420898,13018700
2021-07-12,351.2300109863,354.1900024414,349.6400146484,353.1600036621,349.8096618652,10018600
2021-07-13,351.5000000000,358.4899902344,348.7999877930,352.0899963379,348.7497863770,11456000
2021-07-14,354.5599975586,355.2000122070,346.7300109863,347.6300048828,344.3320617676,13894200
2021-07-15,349.2300109863,349.2300109863,340.2200012207,344.4599914551,341.1921386719,14781600
2021-07-16,344.9100036621,345.9899902344,340.1400146484,341.1600036621,337.9234619141,11026100
2021-07-19,337.5700073242,339.7900085449,334.5400085449,336.9500122070,333.7533874512,14372300
2021-07-20,338.7999877930,343.4500122070,334.5000000000,341.6600036621,338.4187622070,11024300
2021-07-21,341.5000000000,346.5199890137,341.2500000000,346.2300109863,342.9454040527,9279700
2021-07-22,346.6799926758,351.5400085449,345.2099914551,351.1900024414,347.8583068848,12385400
2021-07-23,360.9100036621,375.3299865723,357.1900024414,369.7900085449,366.2818603516,33694300
2021-07-26,369.5799865723,374.4400024414,368.2200012207,372.4599914551,368.9265136719,14925200
2021-07-27,371.9100036621,373.1499938965,364.5499877930,367.8099975586,364.3206787109,15705400
2021-07-28,374.5599975586,377.5499877930,366.9299926758,373.2799987793,369.7387390137,29676900
2021-07-29,361.0000000000,365.5199890137,356.7399902344,358.3200073242,354.9207153320,33413200
2021-07-30,354.0000000000,360.7300109863,352.9400024414,356.2999877930,352.9198303223,15976200
2021-08-02,358.1000061035,359.3999938965,350.7399902344,351.9500122070,348.6111755371,13180400
2021-08-03,352.7300109863,353.7699890137,347.7000122070,351.2399902344,347.9078063965,12406100
2021-08-04,352.4200134277,360.4800109863,351.5100097656,358.9200134277,355.5150146484,14180600
2021-08-05,359.6400146484,363.8999938965,356.8999938965,362.9700012207,359.5265808105,10247200
2021-08-06,361.3999938965,365.1499938965,361.3999938965,363.5100097656,360.0614624023,8925000
2021-08-09,363.7600097656,365.7799987793,360.7500000000,361.6099853516,358.1794128418,7798900
2021-08-10,361.8299865723,364.1000061035,359.0400085449,361.1300048828,357.7040710449,7469900
2021-08-11,362.1000061035,362.3599853516,357.8099975586,359.9599914551,356.5451354980,8400300
2021-08-12,358.4500122070,363.0000000000,357.1099853516,362.6499938965,359.2095947266,7170700
2021-08-13,362.9700012207,364.6600036621,361.4800109863,363.1799926758,359.7345886230,7195700
2021-08-16,362.5199890137,366.9500122070,357.3800048828,366.5599975586,363.0825195312,11222100
2021-08-17,362.9800109863,364.6700134277,355.0700073242,358.4500122070,355.0494689941,12328700
2021-08-18,356.2500000000,359.8599853516,355.1499938965,355.4500122070,352.0779113770,10042400
2021-08-19,351.3500061035,357.5700073242,351.0000000000,355.1199951172,351.7510986328,12004500
2021-08-20,354.6000061035,359.9899902344,353.3099975586,359.3699951172,355.9606933594,8697700
2021-08-23,359.4400024414,365.6900024414,359.1000061035,363.3500061035,359.9029541016,10942000
2021-08-24,363.6600036621,367.9599914551,361.8399963379,365.5100097656,362.0424499512,9235100
2021-08-25,365.6000061035,370.8599853516,365.3999938965,368.3900146484,364.8951721191,9684500
2021-08-26,368.3800048828,369.4400024414,364.1300048828,364.3800048828,360.9231872559,7888700
2021-08-27,365.1000061035,373.7399902344,364.0799865723,372.6300048828,369.0949096680,11219100
2021-08-30,372.5599975586,381.4899902344,370.5199890137,380.6600036621,377.0487365723,13547300
2021-08-31,379.9500122070,382.7600097656,378.7999877930,379.3800048828,375.7808227539,12345400
2021-09-01,379.5899963379,384.3299865723,378.8099975586,382.0499877930,378.4255065918,11567200
2021-09-02,381.5000000000,381.7500000000,374.0599975586,375.2799987793,371.7197875977,14832900
2021-09-03,374.7500000000,377.1600036621,373.1099853516,376.2600097656,372.6904907227,7509600
2021-09-07,375.8800048828,382.9599914551,373.1499938965,382.1799926758,378.5542907715,10793800
2021-09-08,380.1600036621,380.8699951172,374.7900085449,377.5700073242,373.9880371094,11067200
2021-09-09,377.6400146484,379.8299865723,376.5700073242,378.0000000000,374.4140014648,9098900
2021-09-10,381.3599853516,383.7900085449,378.2600097656,378.6900024414,375.0974426270,11549600
2021-09-13,381.6799926758,381.7500000000,374.3500061035,376.5100097656,372.9380798340,13026300
2021-09-14,377.3999938965,378.5899963379,375.1099853516,376.5299987793,372.9579772949,8711600
2021-09-15,377.0000000000,377.5599975586,367.6700134277,373.9200134277,370.3726501465,17940300
2021-09-16,372.7900085449,373.5599975586,369.7099914551,373.0599975586,369.5208129883,11934200
2021-09-17,371.4100036621,371.4100036621,361.5899963379,364.7200012207,361.2600097656,26299000
2021-09-20,359.2999877930,361.0299987793,349.7999877930,355.7000122070,352.3255615234,19822800
2021-09-21,358.5000000000,360.0400085449,355.1900024414,357.4800109863,354.0886535645,11751900
2021-09-22,347.2300109863,349.8399963379,340.6900024414,343.2099914551,339.9540710449,43692900
2021-09-23,345.3599853516,349.6700134277,343.0000000000,345.9599914551,342.6779479980,21806300
2021-09-24,343.2399902344,354.3500061035,342.3699951172,352.9599914551,349.6115112305,18801900
2021-09-27,349.8099975586,355.1499938965,347.0799865723,353.5799865723,350.2256164551,15205800
2021-09-28,347.9700012207,349.6000061035,338.9200134277,340.6499938965,337.4182739258,21710300
2021-09-29,343.1499938965,345.2300109863,338.8800048828,339.6099853516,336.3881835938,14452200
2021-09-30,340.4500122070,342.7999877930,338.1499938965,339.3900146484,336.1703186035,16547100
2021-10-01,341.6099853516,345.0199890137,338.6400146484,343.0100097656,339.7559204102,14905300
2021-10-04,335.5299987793,335.9400024414,322.7000122070,326.2300109863,323.1351013184,42885000
2021-10-05,328.5799865723,335.1799926758,326.1600036621,332.9599914551,329.8012390137,35377900
2021-10-06,329.7399902344,334.3800048828,325.7999877930,333.6400146484,330.4748229980,26443000
2021-10-07,337.0000000000,338.8399963379,328.9800109863,329.2200012207,326.0967712402,28307500
2021-10-08,331.5100097656,333.3999938965,328.7099914551,330.0499877930,326.9188842773,15946100
2021-10-11,327.6300048828,330.4599914551,325.3099975586,325.4500122070,322.3625488281,14708200
2021-10-12,323.0299987793,324.3800048828,317.3699951172,323.7699890137,320.6985168457,31658700
2021-10-13,326.9700012207,327.0000000000,322.6600036621,324.5400085449,321.4611511230,14761500
2021-10-14,328.3599853516,330.5199890137,327.1000061035,328.5299987793,325.4132690430,14302200
2021-10-15,328.6799926758,329.0700073242,322.5100097656,324.7600097656,321.6790466309,21596400
2021-10-18,328.9500122070,335.8900146484,327.5000000000,335.3399963379,332.1586914062,21585000
2021-10-19,339.6499938965,342.4599914551,337.2799987793,339.9899902344,336.7645874023,18786300
2021-10-20,343.4500122070,343.9800109863,339.4500122070,340.7799987793,337.5470275879,13639500
2021-10-21,340.2799987793,342.3099975586,337.7999877930,341.8800048828,338.6366271973,16354400
2021-10-22,326.3500061035,329.6300048828,321.1099853516,324.6099853516,321.5304870605,35224500
2021-10-25,320.2999877930,329.5599975586,319.7200012207,328.6900024414,325.5717773438,38409000
2021-10-26,328.2600097656,330.2099914551,309.6000061035,315.8099975586,312.8139648438,65654000
2021-10-27,314.1900024414,319.2500000000,312.0599975586,312.2200012207,309.2580871582,29971800
2021-10-28,312.9899902344,325.5199890137,308.1099853516,316.9200134277,313.9134216309,50806800
2021-10-29,320.1900024414,326.0000000000,319.6000061035,323.5700073242,320.5003662109,37059400
2021-11-01,326.0400085449,333.4500122070,326.0000000000,329.9800109863,326.8495788574,31518900
2021-11-02,331.3800048828,334.7900085449,323.7999877930,328.0799865723,324.9675598145,28353000
2021-11-03,327.4899902344,332.1499938965,323.2000122070,331.6199951172,328.4739990234,20786500
2021-11-04,334.0100097656,337.2699890137,332.6499938965,335.8500061035,332.6638488770,22495300
2021-11-05,340.3099975586,346.7900085449,339.6400146484,341.1300048828,337.8937988281,26872800
2021-11-08,344.4200134277,344.7900085449,338.3399963379,338.6199951172,335.4075622559,18342500
2021-11-09,340.0000000000,341.3099975586,334.4700012207,335.3699951172,332.1883544922,17556700
2021-11-10,332.4899902344,333.1900024414,325.5100097656,327.6400146484,324.5317993164,21872600
2021-11-11,329.8200073242,332.4599914551,327.0000000000,327.7399902344,324.6307983398,12376600
2021-11-12,330.1799926758,341.8599853516,329.7799987793,340.8900146484,337.6560058594,25414300
2021-11-15,344.3399963379,353.6499938965,343.2000122070,347.5599975586,344.2627258301,25076600
2021-11-16,343.8299865723,346.6499938965,340.8699951172,342.9599914551,339.7063903809,18181100
2021-11-17,344.2399902344,347.2999877930,340.1000061035,340.7699890137,337.5371704102,13602800
2021-11-18,339.7200012207,342.4599914551,335.2999877930,338.6900024414,335.4768981934,17487200
2021-11-19,342.2000122070,352.1000061035,339.8999938965,345.2999877930,342.0241699219,26488500
2021-11-22,349.0499877930,353.8299865723,340.5100097656,341.0100097656,337.7748718262,27116800
2021-11-23,338.9299926758,341.3999938965,333.5000000000,337.2500000000,334.0505371094,17225000
2021-11-24,336.0000000000,341.7799987793,332.8099975586,341.0599975586,337.8244934082,13566200
2021-11-26,335.7999877930,337.7500000000,331.8999938965,333.1199951172,329.9597778320,14750700
2021-11-29,336.8900146484,340.6700134277,335.3099975586,338.0299987793,334.8231811523,16650900
2021-11-30,335.0000000000,335.8099975586,323.4299926758,324.4599914551,321.3818359375,25390000
2021-12-01,330.2900085449,330.5000000000,310.2900085449,310.6000061035,307.6534118652,30329600
2021-12-02,311.3999938965,314.6000061035,307.2000122070,310.3900146484,307.4454345703,24396200
2021-12-03,313.7300109863,313.7500000000,299.5000000000,306.8399963379,303.9290466309,27471000
2021-12-06,308.1300048828,320.1000061035,306.3399963379,317.8699951172,314.8544311523,21758300
2021-12-07,321.5700073242,326.5400085449,321.0000000000,322.8099975586,319.7475891113,18794000
2021-12-08,325.0000000000,332.7500000000,323.0700073242,330.5599975586,327.4240417480,19937700
2021-12-09,329.5400085449,336.1300048828,328.0000000000,329.8200073242,326.6910400391,16879200
2021-12-10,332.5599975586,335.0299987793,326.3699951172,329.7500000000,326.6217041016,14528000
2021-12-13,330.9500122070,341.0899963379,329.5899963379,334.4899902344,331.3167419434,22948700
2021-12-14,328.0499877930,335.7000122070,327.6499938965,333.7399902344,330.5738830566,20461000
2021-12-15,332.4899902344,342.1099853516,323.9800109863,341.6600036621,338.4187622070,24681300
2021-12-16,338.9800109863,344.4599914551,333.7399902344,334.8999938965,331.7229003906,22635000
2021-12-17,332.7999877930,337.1099853516,330.7500000000,333.7900085449,330.6233520508,40012600
2021-12-20,329.7799987793,329.8999938965,322.5299987793,325.4500122070,322.3625488281,17901800
2021-12-21,326.4100036621,336.0000000000,323.7500000000,334.2000122070,331.0294799805,16116800
2021-12-22,333.7999877930,334.5100097656,328.2600097656,330.4500122070,327.3150939941,16764600
2021-12-23,330.1000061035,336.6700134277,328.3599853516,335.2399902344,332.0596008301,13987700
2021-12-27,338.8500061035,347.8699951172,338.0100097656,346.1799926758,342.8958740234,17795000
2021-12-28,346.6300048828,352.7099914551,345.2000122070,346.2200012207,342.9355163574,16637600
2021-12-29,346.9100036621,349.6900024414,341.6400146484,342.9400024414,339.6866149902,10747000
2021-12-30,344.0000000000,347.2300109863,343.2200012207,344.3599853516,341.0931091309,10593300
2021-12-31,343.0199890137,343.4400024414,336.2699890137,336.3500061035,333.1591491699,12870500
2022-01-03,338.2999877930,341.0799865723,337.1900024414,338.5400085449,335.3283386230,14537900
2022-01-04,339.9500122070,343.0899963379,331.8699951172,336.5299987793,333.3374023438,15998000
2022-01-05,333.0199890137,335.7600097656,323.8399963379,324.1700134277,321.0946960449,20564500
2022-01-06,322.8200073242,339.1700134277,322.7200012207,332.4599914551,329.3059692383,27962800
2022-01-07,332.7399902344,337.0000000000,328.8800048828,331.7900085449,328.6423339844,14722000
2022-01-10,325.3099975586,328.3399963379,315.4299926758,328.0700073242,324.9576721191,24942400
2022-01-11,326.7799987793,334.6300048828,325.2799987793,334.3699951172,331.1978454590,16226800
2022-01-12,335.1799926758,336.3699951172,330.0299987793,333.2600097656,330.0983886719,14104900
2022-01-13,334.9800109863,335.6300048828,325.7600097656,326.4800109863,323.3827819824,14797100
2022-01-14,321.7900085449,332.7300109863,321.2099914551,331.8999938965,328.7513427734,16868500
2022-01-18,323.2900085449,324.2099914551,317.6400146484,318.1499938965,315.1317138672,22645600
2022-01-19,319.5799865723,327.1000061035,319.3299865723,319.5899963379,316.5581359863,20814700
2022-01-20,323.8999938965,327.8200073242,315.9800109863,316.5599975586,313.5568542480,16925000
2022-01-21,314.8099975586,318.3099975586,303.0400085449,303.1700134277,300.2938842773,28710700
2022-01-24,297.8399963379,309.5299987793,289.0100097656,308.7099914551,305.7813415527,38878100
2022-01-25,299.9500122070,306.2300109863,297.5799865723,300.1499938965,297.3024902344,25108500
2022-01-26,307.0100097656,307.5100097656,290.8500061035,294.6300048828,291.8349304199,28348800
2022-01-27,297.7500000000,301.7099914551,294.2600097656,294.6400146484,291.8447875977,21629900
2022-01-28,295.6199951172,301.8999938965,293.0299987793,301.7099914551,298.8477478027,21871600
2022-01-31,300.6799926758,313.7900085449,299.3200073242,313.2600097656,310.2882385254,21579500
2022-02-01,314.5599975586,319.6600036621,312.1199951172,319.0000000000,315.9737243652,18023800
2022-02-02,327.8200073242,328.0000000000,316.8699951172,323.0000000000,319.9357604980,58458300
2022-02-03,244.6499938965,248.0000000000,235.7500000000,237.7599945068,235.5044250488,188119900
2022-02-04,234.9700012207,242.6100006104,230.1100006104,237.0899963379,234.8407745361,89342200
2022-02-07,237.6999969482,238.3000030518,224.0099945068,224.9100036621,222.7763366699,88613800
2022-02-08,220.8500061035,225.7700042725,216.1499938965,220.1799926758,218.0911712646,94729700
2022-02-09,224.1999969482,233.3699951172,222.2100067139,232.0000000000,229.7990722656,86563300
2022-02-10,228.2700042725,235.0000000000,226.6999969482,228.0700073242,225.9063568115,49310400
2022-02-11,228.4600067139,230.4199981689,218.7700042725,219.5500030518,217.4671478271,46156900
2022-02-14,219.3099975586,221.0000000000,214.7799987793,217.6999969482,215.6347198486,38184000
2022-02-15,220.4700012207,221.1499938965,215.0599975586,221.0000000000,218.9033966064,42685500
2022-02-16,212.4100036621,217.4600067139,212.3600006104,216.5399932861,214.4857330322,45817500
2022-02-17,214.0200042725,217.5000000000,207.1600036621,207.7100067139,205.7394866943,38747500
2022-02-18,209.3899993896,210.7500000000,205.1799926758,206.1600036621,204.2042236328,37128400
2022-02-22,202.3399963379,207.4799957275,200.0599975586,202.0800018311,200.1629028320,39852400
2022-02-23,204.1600036621,206.9400024414,198.0500030518,198.4499969482,196.5673370361,44481400
2022-02-24,191.0599975586,208.3500061035,190.2200012207,207.6000061035,205.6305389404,49957200
2022-02-25,204.9400024414,211.3200073242,203.1799926758,210.4799957275,208.4832305908,37627600
2022-02-28,207.6799926758,213.1499938965,206.8300018311,211.0299987793,209.0279998779,34239800
2022-03-01,209.8699951172,211.7500000000,202.2200012207,203.4900054932,201.5595092773,27094900
2022-03-02,204.7799987793,209.1499938965,202.0200042725,208.1100006104,206.1357269287,29452100
2022-03-03,209.0200042725,209.0800018311,201.4199981689,202.9700012207,201.0444488525,27263500
2022-03-04,202.3699951172,205.8899993896,198.7899932861,200.0599975586,198.1620635986,32130900
2022-03-07,200.7899932861,200.8899993896,187.2799987793,187.4700012207,185.6915130615,38560600
2022-03-08,187.8500061035,196.6999969482,186.1100006104,190.2899932861,188.4847412109,37508100
2022-03-09,195.7400054932,199.1000061035,193.9199981689,198.5000000000,196.6168823242,31894700
2022-03-10,194.8399963379,196.2799987793,191.0700073242,195.2100067139,193.3580780029,24853000
2022-03-11,192.6399993896,193.5599975586,186.6699981689,187.6100006104,185.8301696777,34694500
2022-03-14,187.0299987793,192.2899932861,185.8200073242,186.6300048828,184.8594665527,31010500
2022-03-15,190.8000030518,192.2799987793,185.9100036621,192.0299987793,190.2082214355,31721700
2022-03-16,194.6999969482,203.7299957275,194.5200042725,203.6300048828,201.6981964111,40640300
2022-03-17,201.6999969482,208.0399932861,201.1100006104,207.8399963379,205.8682403564,29499700
2022-03-18,206.6999969482,216.8000030518,206.0000000000,216.4900054932,214.4362030029,52128000
2022-03-21,214.5000000000,214.7100067139,207.6300048828,211.4900054932,209.4836273193,30142300
2022-03-22,211.3699951172,219.4600067139,210.1799926758,216.6499938965,214.5946807861,31998800
2022-03-23,213.3300018311,216.8000030518,212.1600036621,213.4600067139,211.4349365234,23717300
2022-03-24,215.0000000000,220.6699981689,214.7899932861,219.5700073242,217.4869689941,31502300
2022-03-25,220.5099945068,225.5000000000,218.8899993896,221.8200073242,219.7156524658,40039000
2022-03-28,222.1300048828,224.0399932861,219.5399932861,223.5899963379,221.4688415527,26224100
2022-03-29,226.0700073242,230.8899993896,225.2899932861,229.8600006104,227.6793518066,31417900
2022-03-30,228.9100036621,231.1499938965,226.7100067139,227.8500061035,225.6884002686,25588000
2022-03-31,228.4499969482,228.4900054932,222.2599945068,222.3600006104,220.2505035400,24192300
2022-04-01,224.5500030518,227.2799987793,222.6999969482,224.8500061035,222.7168884277,19544800
2022-04-04,225.9799957275,234.3500061035,225.8600006104,233.8899993896,231.6711273193,28054800
2022-04-05,234.0800018311,236.8600006104,231.0200042725,231.8399963379,229.6405792236,29727200
2022-04-06,226.9100036621,228.9900054932,221.4100036621,223.3000030518,221.1815795898,28995100
2022-04-07,223.9299926758,225.5200042725,218.5599975586,222.9499969482,220.8349151611,21037200
2022-04-08,222.3800048828,225.1300048828,220.0299987793,222.3300018311,220.2208099365,18375700
2022-04-11,218.4199981689,220.6100006104,215.2200012207,216.4600067139,214.4064788818,20516600
2022-04-12,220.2400054932,222.0299987793,213.1300048828,214.1399993896,212.1084899902,20128800
2022-04-13,211.8200073242,216.6100006104,211.3300018311,214.9900054932,212.9504241943,19231800
2022-04-14,214.8899993896,214.9900054932,210.0000000000,210.1799926758,208.1860656738,18379500
2022-04-18,210.0000000000,213.3800048828,208.3000030518,210.7700042725,208.7704620361,16580800
2022-04-19,210.5200042725,218.4299926758,209.0000000000,217.3099975586,215.2484130859,20089900
2022-04-20,213.6100006104,214.1600036621,198.9199981689,200.4199981689,198.5186767578,43036500
2022-04-21,201.6000061035,202.9700012207,185.5800018311,188.0700073242,186.2858276367,49954100
2022-04-22,190.3699951172,192.7200012207,183.2700042725,184.1100006104,182.3633880615,36426800
2022-04-25,182.7299957275,187.1799926758,181.6600036621,186.9900054932,185.2160644531,29281100
2022-04-26,186.6300048828,187.1900024414,179.5000000000,180.9499969482,179.2333526611,31747400
2022-04-27,174.4299926758,181.2100067139,169.0000000000,174.9499969482,173.2902679443,71062900
2022-04-28,202.9199981689,208.5299987793,192.8999938965,205.7299957275,203.7782592773,100890600
2022-04-29,204.4600067139,212.4799957275,199.8999938965,200.4700012207,198.5681610107,49193400
2022-05-02,201.1699981689,211.8800048828,200.9900054932,211.1300048828,209.1270599365,49915300
2022-05-03,210.4499969482,214.8999938965,208.0899963379,212.0299987793,210.0184936523,41556300
2022-05-04,210.6499938965,224.3000030518,206.9600067139,223.4100036621,221.2905731201,41375900
2022-05-05,218.7400054932,220.1699981689,206.1600036621,208.2799987793,206.3040771484,41129200
2022-05-06,207.3399963379,209.3800048828,201.0200042725,203.7700042725,201.8368682861,34747200
2022-05-09,199.8399963379,202.5700073242,195.5800018311,196.2100067139,194.3486022949,36303200
2022-05-10,199.5099945068,202.9600067139,194.1900024414,197.6499938965,195.7749176025,34452500
2022-05-11,196.3300018311,200.6699981689,188.2700042725,188.7400054932,186.9494628906,31153400
2022-05-12,187.0599975586,198.0500030518,184.7799987793,191.2400054932,189.4257507324,38262200
2022-05-13,192.5800018311,199.8899993896,191.2799987793,198.6199951172,196.7357025146,24549800
2022-05-16,197.0500030518,205.3699951172,195.9299926758,200.0399932861,198.1422576904,27112600
2022-05-17,202.1199951172,205.4600067139,198.3600006104,202.6199951172,200.6977691650,24872700
2022-05-18,200.0000000000,201.0000000000,191.6300048828,192.2400054932,190.4162750244,23960000
2022-05-19,191.1999969482,195.2899932861,189.6000061035,191.2899932861,189.4752502441,24446900
2022-05-20,194.9700012207,197.9100036621,187.8699951172,193.5399932861,191.7039031982,31465600
2022-05-23,195.1900024414,196.9900054932,191.2400054932,196.2299957275,194.3683929443,25059200
2022-05-24,180.5500030518,183.6799926758,176.1100006104,181.2799987793,179.5602111816,50406300
2022-05-25,180.3999938965,185.4499969482,179.3200073242,183.8300018311,182.0860443115,28030200
2022-05-26,182.8800048828,192.8300018311,182.2599945068,191.6300048828,189.8120422363,23056500
2022-05-27,191.3600006104,195.3300018311,189.8000030518,195.1300048828,193.2788696289,22562700
2022-05-31,194.8899993896,197.6000061035,192.0099945068,193.6399993896,191.8029479980,26131100
2022-06-01,196.5099945068,199.5299987793,185.0000000000,188.6399993896,186.8504028320,36623500
2022-06-02,188.4499969482,200.9400024414,187.7299957275,198.8600006104,196.9734191895,31951600
2022-06-03,195.9799957275,196.6100006104,189.7799987793,190.7799987793,188.9701080322,19465000
2022-06-06,193.9900054932,196.9199981689,188.3999938965,194.2500000000,192.4071960449,30574200
2022-06-07,191.9299926758,196.5299987793,191.4900054932,195.6499938965,193.7939147949,18828700
2022-06-08,194.6699981689,202.0299987793,194.4100036621,196.6399993896,194.7744903564,22267200
2022-06-09,194.2799987793,199.4499969482,183.6799926758,184.0000000000,182.2544250488,23501600
2022-06-10,183.0399932861,183.1000061035,175.0200042725,175.5700073242,173.9044036865,27450800
2022-06-13,170.5899963379,172.5800018311,164.0299987793,164.2599945068,162.7016754150,31749300
2022-06-14,166.0299987793,166.7500000000,161.3600006104,163.7299957275,162.1766967773,27244300
2022-06-15,167.1999969482,172.1600036621,163.9799957275,169.3500061035,167.7434082031,30008300
2022-06-16,163.7200012207,165.0800018311,159.6100006104,160.8699951172,159.3438415527,26944100
2022-06-17,161.6799926758,165.8999938965,159.8999938965,163.7400054932,162.1866302490,31374200
2022-06-21,165.9299926758,167.7599945068,155.9700012207,157.0500030518,155.5600891113,50724900
2022-06-22,158.3800048828,160.7899932861,155.4400024414,155.8500061035,154.3714904785,47267800
2022-06-23,156.2700042725,159.7500000000,154.2500000000,158.7500000000,157.2439727783,40499200
2022-06-24,161.7299957275,170.2500000000,161.3000030518,170.1600036621,168.5457000732,68736000
2022-06-27,171.3200073242,171.7500000000,168.0099945068,169.4900054932,167.8820953369,29174600
2022-06-28,169.8999938965,171.3000030518,160.6100006104,160.6799926758,159.1556396484,27744500
2022-06-29,163.5700073242,166.3300018311,160.3200073242,163.9400024414,162.3847198486,28595200
2022-06-30,162.1499938965,165.2299957275,158.4900054932,161.2500000000,159.7202148438,35250600
2022-07-01,160.3099975586,160.6199951172,155.0000000000,160.0299987793,158.5117950439,31423900
2022-07-05,158.1399993896,168.2500000000,157.0200042725,168.1900024414,166.5944366455,28618600
2022-07-06,168.1999969482,171.5899963379,165.4600067139,169.7700042725,168.1594390869,23085900
2022-07-07,169.4499969482,172.7200012207,167.7799987793,172.1900024414,170.5564880371,24083400
2022-07-08,169.9799957275,172.3999938965,168.1499938965,170.8800048828,169.2588958740,19249200
2022-07-11,167.0700073242,167.4900054932,161.9100036621,162.8800048828,161.3347930908,21885600
2022-07-12,164.8000030518,165.9100036621,162.1000061035,163.2700042725,161.7211151123,16639700
2022-07-13,160.1600036621,164.9799957275,159.6100006104,163.4900054932,161.9390106201,16555100
2022-07-14,161.2200012207,162.5899963379,157.2799987793,158.0500030518,156.5506134033,23765200
2022-07-15,160.5399932861,164.9799957275,159.8200073242,164.6999969482,163.1375122070,23342800
2022-07-18,166.7500000000,171.6900024414,165.6399993896,167.2299957275,165.6435089111,23574300
2022-07-19,170.3699951172,176.4900054932,169.5099945068,175.7799987793,174.1124114990,25933700
2022-07-20,177.4900054932,183.6000061035,176.6999969482,183.0899963379,181.3530426025,24784300
2022-07-21,180.6300048828,183.8500061035,178.8699951172,183.1699981689,181.4323120117,27195800
2022-07-22,173.0700073242,175.6000061035,168.4100036621,169.2700042725,167.6641693115,42583900
2022-07-25,169.0000000000,170.5700073242,164.8099975586,166.6499938965,165.0690002441,26166300
2022-07-26,165.9400024414,166.0000000000,157.9499969482,159.1499938965,157.6401824951,28468400
2022-07-27,162.5899963379,170.8699951172,162.0200042725,169.5800018311,167.9712066650,43846600
2022-07-28,161.0599975586,161.5099945068,154.8500061035,160.7200012207,159.1952972412,73214300
2022-07-29,157.6900024414,160.1399993896,155.1699981689,159.1000061035,157.5906524658,42065400
2022-08-01,157.2500000000,165.1900024414,155.2299957275,159.9299926758,158.4127807617,40596700
2022-08-02,158.3099975586,162.2400054932,158.0099945068,160.1900024414,158.6702880859,27374500
2022-08-03,162.6900024414,169.5399932861,161.5700073242,168.8000030518,167.1986083984,31721900
2022-08-04,168.3000030518,172.1499938965,166.8000030518,170.5700073242,168.9518280029,23938200
2022-08-05,166.9900054932,171.6100006104,165.8000030518,167.1100006104,165.5246582031,25832700
2022-08-08,168.0000000000,177.5099945068,167.1300048828,170.2500000000,168.6348724365,27299100
2022-08-09,168.9499969482,169.5299987793,166.6000061035,168.5299987793,166.9311828613,18655100
2022-08-10,175.9900054932,180.4799957275,173.9499969482,178.3399963379,176.6481170654,30262100
2022-08-11,179.7100067139,183.1000061035,176.3699951172,177.4900054932,175.8061981201,24079100
2022-08-12,180.8099975586,181.4600067139,178.9100036621,180.5000000000,178.7876281738,21274000
2022-08-15,178.9600067139,181.4400024414,178.1999969482,180.8899993896,179.1739349365,15878700
2022-08-16,179.4400024414,180.9900054932,177.0399932861,179.4700012207,177.7674255371,21156700
2022-08-17,176.7599945068,178.1399993896,174.1699981689,174.8500061035,173.1912384033,20118100
2022-08-18,174.3399963379,175.7599945068,171.8600006104,174.6600036621,173.0030212402,18844500
2022-08-19,170.1999969482,172.3200073242,167.0500030518,167.9600067139,166.3665771484,26240800
2022-08-22,165.4900054932,165.4900054932,162.2599945068,163.0500030518,161.5031738281,19499700
2022-08-23,162.4799957275,165.0500030518,160.6999969482,161.1100006104,159.5815734863,18111800
2022-08-24,160.6000061035,165.4600067139,159.7700042725,163.2599945068,161.7111816406,20891500
2022-08-25,165.1799926758,168.8800048828,164.0200042725,168.7799987793,167.1788024902,15550500
2022-08-26,168.4799957275,170.9199981689,161.6699981689,161.7799987793,160.2452087402,24023600
2022-08-29,160.6600036621,163.0500030518,159.0099945068,159.1699981689,157.6599884033,20052700
2022-08-30,160.3500061035,161.6600036621,155.9100036621,157.1600036621,155.6690521240,19567900
2022-08-31,167.0700073242,167.8399963379,162.1399993896,162.9299926758,161.3843078613,40953000
2022-09-01,163.5800018311,167.3600006104,160.3500061035,165.3600006104,163.7912445068,30145700
2022-09-02,167.4499969482,167.9299926758,159.2200012207,160.3200073242,158.7990875244,22634200
2022-09-06,160.1000061035,161.6900024414,157.6900024414,158.5399932861,157.0359497070,19339800
2022-09-07,157.7599945068,160.9600067139,156.8099975586,160.3899993896,158.8683929443,16831200
2022-09-08,158.7100067139,162.2299957275,157.7400054932,162.0599975586,160.5225524902,22530800
2022-09-09,163.2500000000,169.5399932861,163.0200042725,169.1499938965,167.5453186035,22086800
2022-09-12,167.3899993896,171.3899993896,167.2799987793,168.9600067139,167.3571014404,23220400
2022-09-13,161.5399932861,161.6300048828,152.6699981689,153.1300048828,151.6772918701,44444100
2022-09-14,153.3300018311,153.5399932861,149.0500030518,151.4700012207,150.0330352783,43064200
2022-09-15,149.8000030518,154.1999969482,148.6999969482,149.5500030518,148.1312713623,34606300
2022-09-16,148.0500030518,148.5800018311,144.2899932861,146.2899932861,144.9021759033,40122800
2022-09-19,145.2400054932,148.5800018311,145.1000061035,148.0200042725,146.6157836914,22169500
2022-09-20,145.7799987793,148.8399963379,145.2200012207,146.0899963379,144.7040863037,23217400
2022-09-21,146.3899993896,149.6000061035,142.0000000000,142.1199951172,140.7717285156,38338600
2022-09-22,141.5500030518,144.5800018311,140.8699951172,142.8200073242,141.4650878906,34418500
2022-09-23,141.4199981689,142.6199951172,138.8899993896,140.4100036621,139.0779571533,31710700
2022-09-26,140.1199951172,142.2400054932,136.1900024414,136.3699951172,135.0762939453,30497000
2022-09-27,137.9199981689,139.4199981689,134.1199951172,134.3999938965,133.1249694824,30826500
2022-09-28,134.6199951172,142.0299987793,134.2700042725,141.6100006104,140.2665557861,32658500
2022-09-29,139.3600006104,139.8399963379,135.1999969482,136.4100036621,135.1158905029,38985400
2022-09-30,136.0500030518,140.9900054932,135.5000000000,135.6799926758,134.3928222656,33166400
2022-10-03,137.1399993896,139.6199951172,136.1000061035,138.6100006104,137.2950439453,27723100
2022-10-04,140.4900054932,142.3899993896,139.3399963379,140.2799987793,138.9491729736,34670700
2022-10-05,138.2400054932,140.2100067139,134.7799987793,138.9799957275,137.6615295410,27979300
2022-10-06,137.7200012207,141.4499969482,136.6000061035,139.0700073242,137.7506561279,36231100
2022-10-07,136.7599945068,138.2899932861,132.4400024414,133.4499969482,132.1839752197,33214800
2022-10-10,133.5500030518,136.1100006104,131.8699951172,133.7899932861,132.5207214355,24024000
2022-10-11,131.6199951172,132.6600036621,126.9899978638,128.5399932861,127.3205261230,38481400
2022-10-12,128.3200073242,129.6699981689,126.2500000000,127.5000000000,126.2904281616,34605200
2022-10-13,123.5299987793,131.1399993896,122.5299987793,130.2899932861,129.0539855957,34325700
2022-10-14,131.0000000000,131.7899932861,126.5199966431,126.7600021362,125.5574569702,23559400
2022-10-17,130.3000030518,134.7899932861,130.1799926758,134.0399932861,132.7683868408,29612200
2022-10-18,137.0899963379,137.8399963379,131.3999938965,132.8000030518,131.5401611328,25445000
2022-10-19,132.8899993896,137.0000000000,132.2200012207,133.2299957275,131.9660797119,30691000
2022-10-20,132.9299926758,136.7700042725,131.3099975586,131.5299987793,130.2822113037,26356300
2022-10-21,126.3099975586,130.1199951172,125.4400024414,130.0099945068,128.7766113281,46348600
2022-10-24,127.2500000000,133.4799957275,124.5699996948,129.7200012207,128.4893646240,63563400
2022-10-25,130.8800048828,138.3500061035,130.5899963379,137.5099945068,136.2054595947,38433200
2022-10-26,131.6799926758,135.5500030518,128.5299987793,129.8200073242,128.5884246826,82791500
2022-10-27,97.9800033569,102.5000000000,96.3799972534,97.9400024414,97.0108489990,232316600
2022-10-28,99.5800018311,100.8499984741,97.5100021362,99.1999969482,98.2589111328,95928300
2022-10-31,98.2200012207,99.3199996948,92.5999984741,93.1600036621,92.2762069702,121361400
2022-11-01,94.3300018311,97.4899978638,93.5500030518,95.1999969482,94.2968521118,110189600
2022-11-02,94.2099990845,95.1999969482,90.4800033569,90.5400009155,89.6810531616,71821100
2022-11-03,90.0800018311,90.4599990845,88.4100036621,88.9100036621,88.0665130615,60664000
2022-11-04,90.3499984741,91.3899993896,88.0899963379,90.7900009155,89.9286880493,55638100
2022-11-07,94.7799987793,96.8799972534,93.0999984741,96.7200012207,95.8024368286,81987300
2022-11-08,95.9199981689,97.8000030518,94.7900009155,96.4700012207,95.5548095703,52088300
2022-11-09,101.7200012207,104.9000015259,100.7399978638,101.4700012207,100.5073547363,107677300
2022-11-10,107.1200027466,112.7500000000,104.6100006104,111.8700027466,110.8087081909,80671000
2022-11-11,109.2300033569,114.9000015259,108.8099975586,113.0199966431,111.9477920532,59961700
2022-11-14,110.9899978638,116.2699966431,110.8000030518,114.2200012207,113.1364212036,53395000
2022-11-15,116.0699996948,118.7399978638,114.4100036621,117.0800018311,115.9692764282,50670500
2022-11-16,114.5000000000,116.0800018311,112.6600036621,113.2300033569,112.1557998657,33287800
2022-11-17,110.4100036621,112.3300018311,109.8000030518,111.4499969482,110.3926925659,35093800
2022-11-18,113.8000030518,114.3199996948,110.6200027466,112.0500030518,110.9869995117,33357700
2022-11-21,111.5199966431,112.3700027466,109.1900024414,109.8600006104,108.8177795410,24351100
2022-11-22,109.8600006104,111.6200027466,108.3199996948,111.4400024414,110.3827819824,29029000
2022-11-23,111.7200012207,112.6699981689,110.7300033569,112.2399978638,111.1752014160,21343100
2022-11-25,111.3000030518,112.7300033569,111.0199966431,111.4100036621,110.3530807495,12007600
2022-11-28,110.7799987793,112.0400009155,108.3799972534,108.7799987793,107.7480239868,23309400
2022-11-29,109.5400009155,110.9400024414,108.5400009155,109.4599990845,108.4215698242,23899200
2022-11-30,109.5100021362,118.1600036621,109.3799972534,118.0999984741,116.9796142578,43348600
2022-12-01,119.1999969482,121.1999969482,118.4000015259,120.4400024414,119.2974166870,36551400
2022-12-02,117.8300018311,124.0400009155,117.6100006104,123.4899978638,122.3184661865,39950500
2022-12-05,121.7500000000,124.6699981689,121.3499984741,122.4300003052,121.2685317993,35474900
2022-12-06,119.9100036621,120.5500030518,113.7399978638,114.1200027466,113.0373611450,43689200
2022-12-07,113.7600021362,115.8799972534,112.8799972534,113.9300003052,112.8491668701,29461100
2022-12-08,116.3899993896,117.3399963379,114.5899963379,115.3300018311,114.2359008789,30619400
2022-12-09,115.3000030518,117.5400009155,113.8700027466,115.9000015259,114.8004760742,26033400
2022-12-12,115.1800003052,115.7200012207,113.1399993896,114.7099990845,113.6217727661,24747100
2022-12-13,122.1299972534,123.3000030518,118.6399993896,120.1500015259,119.0101699829,44701100
2022-12-14,119.3899993896,124.1399993896,119.3899993896,121.5899963379,120.4364852905,36922000
2022-12-15,118.3300018311,118.6299972534,114.0100021362,116.1500015259,115.0481033325,34531000
2022-12-16,120.2300033569,123.3099975586,118.8199996948,119.4300003052,118.2969741821,67064000
2022-12-19,116.8300018311,117.8000030518,114.3300018311,114.4800033569,113.3939437866,29769900
2022-12-20,113.2600021362,117.3300018311,112.4599990845,117.0899963379,115.9791717529,28742500
2022-12-21,116.6999969482,120.3399963379,115.6200027466,119.7600021362,118.6238555908,20392800
2022-12-22,117.1999969482,118.6200027466,114.3799972534,117.1200027466,116.0089035034,23618100
2022-12-23,116.0299987793,118.1800003052,115.5400009155,118.0400009155,116.9201736450,17796600
2022-12-27,117.9300003052,118.5999984741,116.0500030518,116.8799972534,115.7711791992,21392300
2022-12-28,116.2500000000,118.1500015259,115.5100021362,115.6200027466,114.5231323242,19612500
2022-12-29,116.4000015259,121.0299987793,115.7699966431,120.2600021362,119.1191177368,22366200
2022-12-30,118.1600036621,120.4199981689,117.7399978638,120.3399963379,119.1983566284,19583800
2023-01-03,122.8199996948,126.3700027466,122.2799987793,124.7399978638,123.5566101074,35528500
2023-01-04,127.3799972534,129.0500030518,125.8499984741,127.3700027466,126.1616668701,32397100
2023-01-05,126.1299972534,128.5200042725,124.5400009155,126.9400024414,125.7357559204,25447100
2023-01-06,128.9700012207,130.3300018311,126.0400009155,130.0200042725,128.7865142822,27584500
2023-01-09,131.1600036621,132.9499969482,129.2799987793,129.4700012207,128.2417144775,26649100
2023-01-10,127.2699966431,133.4400024414,127.1500015259,132.9900054932,131.7283782959,28684400
2023-01-11,130.9600067139,133.8500061035,130.3399963379,132.8899993896,131.6293182373,25423000
2023-01-12,133.4400024414,137.6799926758,131.7599945068,136.7100067139,135.4130401611,30757700
2023-01-13,134.9700012207,137.3899993896,134.8399963379,136.9799957275,135.6805267334,22423800
2023-01-17,136.1799926758,136.7500000000,134.2500000000,135.3600006104,134.0758819580,21147600
2023-01-18,135.8099975586,137.2500000000,132.8000030518,133.0200042725,131.7580566406,20215500
2023-01-19,132.4900054932,137.4499969482,132.1399993896,136.1499938965,134.8583526611,28625200
2023-01-20,135.8899993896,139.9400024414,134.6100006104,139.3699951172,138.0478057861,28688600
2023-01-23,139.2899932861,143.7599945068,138.6600036621,143.2700042725,141.9108276367,27470100
2023-01-24,141.6900024414,145.0000000000,141.3600006104,143.1399993896,141.7820281982,21970200
2023-01-25,141.2200012207,143.1699981689,140.3099975586,141.5000000000,140.1576080322,26622000
2023-01-26,144.3999938965,147.5099945068,143.3000030518,147.3000030518,145.9025726318,25482100
2023-01-27,148.2400054932,153.1900024414,147.3899993896,151.7400054932,150.3004608154,35771900
2023-01-30,149.4100036621,151.1199951172,146.9499969482,147.0599975586,145.6648559570,28040100
2023-01-31,147.9499969482,149.8800048828,147.5200042725,148.9700012207,147.5567474365,29842100
2023-02-01,148.0299987793,153.5800018311,147.0599975586,153.1199951172,151.6673889160,55661000
2023-02-02,183.3800048828,197.1600036621,180.1600036621,188.7700042725,186.9791564941,150475700
2023-02-03,183.4700012207,196.7700042725,182.8899993896,186.5299987793,184.7604064941,76809700
2023-02-06,186.5299987793,190.6999969482,185.5200042725,186.0599975586,184.2948760986,42483800
2023-02-07,185.5800018311,193.7799987793,184.3999938965,191.6199951172,189.8021240234,47080700
2023-02-08,190.0000000000,190.8300018311,182.9199981689,183.4299926758,181.6898345947,36139100
2023-02-09,186.1300048828,186.6499938965,177.2700042725,177.9199981689,176.2321166992,37118800
2023-02-10,176.3500061035,178.8899993896,173.3500061035,174.1499938965,172.4978637695,33433600
2023-02-13,178.2200012207,181.0000000000,175.8200073242,179.4299926758,177.7277832031,31463200
2023-02-14,177.1600036621,181.5099945068,175.8800048828,179.4799957275,177.7772827148,24034600
2023-02-15,176.4199981689,178.1900024414,175.3300018311,177.1600036621,175.4793090820,25308900
2023-02-16,172.7500000000,175.8500061035,171.7899932861,172.4400024414,170.8040771484,25827500
2023-02-17,170.2200012207,173.1799926758,169.6999969482,172.8800048828,171.2399139404,24171300
2023-02-21,174.3099975586,178.1699981689,171.8800048828,172.0800018311,170.4474792480,34592600
2023-02-22,171.0700073242,172.7599945068,169.6900024414,171.1199951172,169.4966278076,22433200
2023-02-23,172.0000000000,173.6900024414,169.3800048828,172.0399932861,170.4078674316,20017800
2023-02-24,168.6399993896,170.7200012207,167.6600036621,170.3899993896,168.7735137939,19791300
2023-02-27,171.8800048828,173.1199951172,169.0599975586,169.5399932861,167.9315948486,19277000
2023-02-28,171.8999938965,177.5500030518,171.8699951172,174.9400024414,173.2803802490,46051100
2023-03-01,174.5899963379,177.8500061035,173.0500030518,173.4199981689,171.7747955322,30998400
2023-03-02,172.3800048828,175.0099945068,171.4299926758,174.5299987793,172.8742675781,17352000
2023-03-03,178.9199981689,186.6199951172,177.0500030518,185.2500000000,183.4926147461,45877700
2023-03-06,188.0000000000,189.6600036621,184.6399993896,184.8999938965,183.1458740234,33209400
2023-03-07,189.0000000000,190.3600006104,184.0099945068,184.5099945068,182.7595825195,36701500
2023-03-08,182.8699951172,185.2599945068,181.3399963379,184.9700012207,183.2152099609,19432400
2023-03-09,186.3500061035,188.9299926758,180.3000030518,181.6900024414,179.9663085938,26582800
2023-03-10,181.0099945068,184.7700042725,178.8000030518,179.5099945068,177.8070068359,25665000
2023-03-13,177.9600067139,183.7799987793,174.8200073242,180.8999938965,179.1838226318,24728000
2023-03-14,187.5800018311,194.3200073242,186.5599975586,194.0200042725,192.1793670654,41642600
2023-03-15,192.9499969482,197.7799987793,190.8399963379,197.7500000000,195.8739929199,42123600
2023-03-16,198.2599945068,205.7599945068,196.0899963379,204.9299926758,202.9858551025,50447100
2023-03-17,200.5599975586,201.8999938965,195.4299926758,195.6100006104,193.7543029785,50141100
2023-03-20,198.4799957275,199.3600006104,193.6399993896,197.8099975586,195.9334106445,25186300
2023-03-21,203.1999969482,203.5500030518,197.9499969482,202.1600036621,200.2421417236,31827000
2023-03-22,202.5000000000,207.3699951172,199.6699981689,199.8099975586,197.9144439697,28477800
2023-03-23,202.8399963379,207.8800048828,202.1499938965,204.2799987793,202.3420410156,27389700
2023-03-24,205.1799926758,207.5800018311,203.5500030518,206.0099945068,204.0556182861,27716400
2023-03-27,204.8099975586,205.8600006104,201.3600006104,202.8399963379,200.9156951904,18527200
2023-03-28,200.1499938965,201.0299987793,197.8999938965,200.6799926758,198.7761535645,19127300
2023-03-29,203.5599975586,205.7200012207,202.5399932861,205.3500061035,203.4018859863,18851100
2023-03-30,203.3800048828,208.0899963379,202.8200073242,207.8399963379,205.8682403564,22608300
2023-03-31,207.2400054932,212.1699981689,206.7700042725,211.9400024414,209.9293518066,25440300
2023-04-03,208.8399963379,213.4900054932,208.1999969482,213.0700073242,211.0486602783,17924600
2023-04-04,213.3899993896,216.2400054932,212.5399932861,214.7200012207,212.6829833984,21026400
2023-04-05,214.1499938965,215.1900024414,209.9400024414,211.4799957275,209.4737243652,19396600
2023-04-06,209.2500000000,216.9400024414,208.6499938965,216.1000061035,214.0499114990,26104400
2023-04-10,214.7100067139,215.6600036621,210.6600036621,214.7500000000,212.7127075195,16106100
2023-04-11,215.4799957275,216.0200042725,213.4100036621,213.8500061035,211.8212432861,16710100
2023-04-12,214.8399963379,216.8399963379,212.5800018311,214.0000000000,211.9698333740,18972200
2023-04-13,215.7299957275,221.1499938965,215.6900024414,220.3500061035,218.2595977783,23310400
2023-04-14,217.8800048828,222.1100006104,217.5500030518,221.4900054932,219.3887634277,21591200
2023-04-17,219.7899932861,220.9799957275,217.1300048828,218.8600006104,216.7837371826,15481900
2023-04-18,219.9100036621,220.4400024414,216.2100067139,217.8899993896,215.8229370117,12281000
2023-04-19,213.4700012207,217.3300018311,212.9299926758,215.6999969482,213.6537017822,15898100
2023-04-20,213.4799957275,216.7500000000,212.7700042725,213.0700073242,211.0486602783,16475400
2023-04-21,210.2100067139,213.4100036621,209.5800018311,212.8899993896,210.8703613281,17717200
2023-04-24,213.6799926758,213.9199981689,210.7100067139,212.7899932861,210.7713012695,15750900
2023-04-25,210.8200073242,211.2599945068,207.1300048828,207.5500030518,205.5809783936,19198200
2023-04-26,212.5000000000,214.1100006104,208.8800048828,209.3999938965,207.4134368896,41992700
2023-04-27,239.8899993896,241.6900024414,236.7700042725,238.5599975586,236.2968292236,71196500
2023-04-28,239.0099945068,240.4299926758,235.7500000000,240.3200073242,238.0401458740,39554000
2023-05-01,238.6199951172,244.0000000000,236.4600067139,243.1799926758,240.8729705811,29143900
2023-05-02,243.1799926758,244.9199981689,238.9900054932,239.2400054932,236.9703521729,24350100
2023-05-03,239.4700012207,241.7500000000,232.7500000000,237.0299987793,234.7813262939,34463900
2023-05-04,236.0599975586,238.1999969482,232.9299926758,233.5200042725,231.3046264648,17889400
2023-05-05,232.2400054932,234.6799926758,229.8500061035,232.7799987793,230.5716400146,27000500
2023-05-08,231.4199981689,235.6199951172,230.2700042725,233.2700042725,231.0570068359,16400500
2023-05-09,231.4600067139,235.8800048828,231.0800018311,233.3699951172,231.1560363770,16865600
2023-05-10,236.1699981689,236.7500000000,230.7200012207,233.0800018311,230.8688049316,19119000
2023-05-11,233.0500030518,238.2100067139,232.3000030518,235.7899932861,233.5531311035,20449000
2023-05-12,236.7400054932,236.9600067139,231.4499969482,233.8099975586,231.5919036865,16161400
2023-05-15,236.9199981689,240.2599945068,235.3300018311,238.8600006104,236.5939483643,20653200
2023-05-16,235.7899932861,239.6399993896,235.5200042725,238.8200073242,236.5543823242,18163800
2023-05-17,238.4499969482,243.8399963379,238.1399993896,242.4900054932,240.1895141602,21193100
2023-05-18,241.3000030518,247.0899963379,241.1900024414,246.8500061035,244.5081787109,22943300
2023-05-19,247.4700012207,248.6900024414,243.4100036621,245.6399993896,243.3096466064,21733600
2023-05-22,245.4100036621,253.5700073242,245.1199951172,248.3200073242,245.9642486572,27738500
2023-05-23,246.8099975586,251.6100006104,246.6499938965,246.7400054932,244.3992462158,17748100
2023-05-24,245.2799987793,249.5899963379,244.9499969482,249.2100067139,246.8457946777,17724300
2023-05-25,253.3999938965,255.6199951172,249.1699981689,252.6900024414,250.2927551270,22371400
2023-05-26,252.9299926758,262.3099975586,252.7100067139,262.0400085449,259.5540771484,25727200
2023-05-30,265.2500000000,268.6499938965,261.2900085449,262.5199890137,260.0294799805,23816500
2023-05-31,260.0000000000,265.0000000000,258.4500122070,264.7200012207,262.2086181641,25473700
2023-06-01,265.8999938965,274.0000000000,265.8900146484,272.6099853516,270.0237731934,25609500
2023-06-02,272.6600036621,275.3500061035,271.1199951172,272.6099853516,270.0237731934,19416900
2023-06-05,270.2999877930,275.5700073242,269.5599975586,271.3900146484,268.8153686523,20742900
2023-06-06,270.1400146484,276.5700073242,269.6900024414,271.1199951172,268.5479431152,19419000
2023-06-07,271.6700134277,274.2500000000,262.7999877930,263.6000061035,261.0992736816,26163600
2023-06-08,260.6199951172,267.6499938965,258.8800048828,264.5799865723,262.0700073242,20899400
2023-06-09,262.4800109863,267.9500122070,261.7000122070,264.9500122070,262.4364929199,16949800
2023-06-12,267.1700134277,271.7500000000,265.3299865723,271.0499877930,268.4785766602,15442500
2023-06-13,274.8800048828,275.7200012207,269.0899963379,271.3200073242,268.7460327148,16164000
2023-06-14,271.8900146484,274.9899902344,268.3200073242,273.3500061035,270.7568054199,19175100
2023-06-15,272.2999877930,283.9899902344,271.4200134277,281.8299865723,279.1562805176,25973500
2023-06-16,284.7500000000,287.8500061035,280.1300048828,281.0000000000,278.3341674805,43127700
2023-06-20,278.7300109863,284.7999877930,276.2200012207,284.3299865723,281.6325683594,20701600
2023-06-21,283.5299987793,284.0000000000,278.3599853516,281.6400146484,278.9681091309,20556200
2023-06-22,279.0799865723,285.2600097656,277.7900085449,284.8800048828,282.1774291992,17563100
2023-06-23,281.5100097656,289.6700134277,278.9500122070,288.7300109863,285.9908447266,51092000
2023-06-26,288.7000122070,289.7900085449,277.6000061035,278.4700012207,275.8282165527,24232700
2023-06-27,282.0100097656,289.3500061035,280.6499938965,287.0499877930,284.3267822266,26108300
2023-06-28,284.8200073242,289.5499877930,284.0599975586,285.2900085449,282.5834960938,16722100
2023-06-29,284.5000000000,286.5700073242,280.6900024414,281.5299987793,278.8591918945,15395700
2023-06-30,284.7600097656,289.0499877930,284.4200134277,286.9800109863,284.2575073242,19694900
2023-07-03,286.7000122070,289.3999938965,284.8500061035,286.0199890137,283.3066101074,8629300
2023-07-05,287.6499938965,298.1199951172,286.3599853516,294.3699951172,291.5773315430,33865500
2023-07-06,295.8900146484,298.1199951172,291.3099975586,291.9899902344,289.2199401855,47600500
2023-07-07,292.1799926758,296.2000122070,288.6600036621,290.5299987793,287.7738342285,25586000
2023-07-10,295.5499877930,298.1300048828,287.0499877930,294.1000061035,291.3099365234,37058300
2023-07-11,293.8999938965,300.1799926758,291.8999938965,298.2900085449,295.4601745605,27585900
2023-07-12,301.7500000000,309.4500122070,300.1000061035,309.3399963379,306.4053039551,36677100
2023-07-13,313.6199951172,316.2399902344,310.2900085449,313.4100036621,310.4367370605,30281000
2023-07-14,311.7900085449,314.8800048828,307.3599853516,308.8699951172,305.9397888184,23054100
2023-07-17,307.5400085449,311.7099914551,304.7099914551,310.6199951172,307.6731872559,25323100
2023-07-18,310.8800048828,314.2000122070,307.6199951172,312.0499877930,309.0896301270,20731900
2023-07-19,313.0299987793,318.6799926758,310.5199890137,316.0100097656,313.0120239258,21763700
2023-07-20,313.5000000000,315.5400085449,302.2200012207,302.5199890137,299.6500549316,23836900
2023-07-21,304.5700073242,305.4599914551,291.2000122070,294.2600097656,291.4683837891,42139300
2023-07-24,295.7799987793,297.5199890137,288.2999877930,291.6099853516,288.8435058594,24915700
2023-07-25,295.1900024414,298.2999877930,291.8599853516,294.4700012207,291.6763916016,19585600
2023-07-26,301.1900024414,301.7699890137,291.8999938965,298.5700073242,295.7375183105,47256900
2023-07-27,325.1199951172,325.3500061035,309.8399963379,311.7099914551,308.7528991699,64229200
2023-07-28,316.8800048828,326.2000122070,314.2500000000,325.4800109863,322.3922729492,39220300
2023-07-31,323.6900024414,325.6600036621,317.5899963379,318.6000061035,315.5775146484,25799600
2023-08-01,317.5400085449,324.1400146484,314.6600036621,322.7099914551,319.6485290527,22817900
2023-08-02,318.0000000000,318.3900146484,310.6499938965,314.3099975586,311.3281860352,20461100
2023-08-03,309.9299926758,315.9500122070,309.9299926758,313.1900024414,310.2188720703,15180200
2023-08-04,314.9599914551,318.4100036621,310.2000122070,310.7300109863,307.7821350098,17612800
2023-08-07,313.2300109863,317.0700073242,310.4599914551,316.5599975586,313.5568542480,16236500
2023-08-08,314.3999938965,317.8900146484,310.1099853516,312.6400146484,309.6740417480,15183500
2023-08-09,312.8800048828,313.6300048828,302.8500061035,305.2099914551,302.3144836426,19955800
2023-08-10,307.9400024414,312.3399963379,303.8699951172,305.7399902344,302.8394775391,14358900
2023-08-11,302.5700073242,304.7200012207,300.3599853516,301.6400146484,298.7784423828,14046300
2023-08-14,300.9800109863,306.2099914551,298.2500000000,306.1900024414,303.2852172852,15641900
2023-08-15,306.1400146484,307.2300109863,300.0299987793,301.9500122070,299.0854797363,11623600
2023-08-16,300.2000122070,301.0799865723,294.2799987793,294.2900085449,291.4981994629,18547700
2023-08-17,293.0499877930,296.0499877930,284.9500122070,285.0899963379,282.3853149414,23950100
2023-08-18,279.0299987793,285.6900024414,274.3800048828,283.2500000000,280.5628662109,35347900
2023-08-21,283.4500122070,290.5000000000,281.8500061035,289.8999938965,287.1497802734,20181500
2023-08-22,292.5499877930,292.8999938965,286.7500000000,287.6000061035,284.8715820312,12980200
2023-08-23,288.5000000000,297.3999938965,287.6700134277,294.2399902344,291.4486083984,18287000
2023-08-24,298.5000000000,299.4599914551,286.6400146484,286.7500000000,284.0296325684,18360900
2023-08-25,286.1300048828,288.3900146484,276.0299987793,285.5000000000,282.7915039062,23701400
2023-08-28,288.0000000000,291.4500122070,285.7999877930,290.2600097656,287.5064086914,14239300
2023-08-29,288.5799865723,299.1499938965,288.1799926758,297.9899902344,295.1630249023,20844500
2023-08-30,297.1700134277,298.2900085449,293.4299926758,295.1000061035,292.3004150391,17717000
2023-08-31,295.7999877930,301.1000061035,295.6600036621,295.8900146484,293.0829467773,17229900
2023-09-01,299.3699951172,301.7399902344,294.4700012207,296.3800048828,293.5682678223,12842300
2023-09-05,297.0199890137,301.3900146484,295.5100097656,300.1499938965,297.3024902344,14956000
2023-09-06,301.7099914551,303.2999877930,295.6600036621,299.1700134277,296.3318786621,15418100
2023-09-07,298.0000000000,307.0499877930,292.2200012207,298.6700134277,295.8366088867,33748700
2023-09-08,299.2200012207,305.2500000000,296.7799987793,297.8900146484,295.0639648438,17548000
2023-09-11,301.4100036621,309.0400085449,301.2799987793,307.5599975586,304.6422424316,19489300
2023-09-12,306.3299865723,308.6600036621,300.2300109863,301.6600036621,298.7981262207,13480400
2023-09-13,302.3599853516,307.1799926758,301.3200073242,305.0599975586,302.1659240723,13210900
2023-09-14,306.7399902344,312.8699951172,305.0299987793,311.7200012207,308.7627563477,19343100
2023-09-15,311.6099853516,312.0000000000,298.7500000000,300.3099975586,297.4610290527,28131100
2023-09-18,298.1900024414,303.6000061035,297.7999877930,302.5499877930,299.6797485352,14234200
2023-09-19,302.4800109863,306.1700134277,299.8099975586,305.0700073242,302.1758728027,15924400
2023-09-20,305.0499877930,308.0599975586,299.4299926758,299.6700134277,296.8270874023,19379500
2023-09-21,295.7000122070,300.2600097656,293.2699890137,295.7300109863,292.9244689941,21319600
2023-09-22,299.2999877930,305.3800048828,298.2699890137,299.0799865723,296.2426452637,25369600
2023-09-25,295.6400146484,300.9500122070,293.7000122070,300.8299865723,297.9760131836,18987000
2023-09-26,297.6600036621,300.2999877930,296.0100097656,298.9599914551,296.1237792969,19417200
2023-09-27,300.4500122070,301.2999877930,286.7900085449,297.7399902344,294.9153747559,36429800
2023-09-28,298.9400024414,306.3299865723,296.7000122070,303.9599914551,301.0763549805,22167100
2023-09-29,307.3800048828,310.6400146484,299.3599853516,300.2099914551,297.3619689941,25373700
2023-10-02,302.7399902344,307.1799926758,301.6300048828,306.8200073242,303.9092407227,16265600
2023-10-03,304.2600097656,306.7699890137,299.6400146484,300.9400024414,298.0849914551,17362300
2023-10-04,298.7300109863,306.8999938965,298.5000000000,305.5799865723,302.6809997559,16880500
2023-10-05,304.6300048828,306.2099914551,299.5000000000,304.7900085449,301.8985290527,19130000
2023-10-06,301.4400024414,316.3099975586,300.9100036621,315.4299926758,312.4375000000,21803900
2023-10-09,312.5000000000,320.3299865723,311.8200073242,318.3599853516,315.3397827148,22503700
2023-10-10,319.1199951172,324.6600036621,318.1600036621,321.8399963379,318.7867736816,19038000
2023-10-11,323.0100097656,328.8399963379,322.9500122070,327.8200073242,324.7100219727,22036300
2023-10-12,328.0000000000,330.5400085449,322.6900024414,324.1600036621,321.0847473145,20530500
2023-10-13,323.5299987793,325.0499877930,312.3699951172,314.6900024414,311.7045593262,21341000
2023-10-16,318.6400146484,321.8200073242,315.5199890137,321.1499938965,318.1033020020,16536100
2023-10-17,318.1799926758,324.3999938965,317.2999877930,324.0000000000,320.9263000488,16387800
2023-10-18,321.3900146484,325.9400024414,315.5599975586,316.9700012207,313.9629821777,16851000
2023-10-19,319.8800048828,321.8900146484,311.7500000000,312.8099975586,309.8424072266,18709200
2023-10-20,314.1400146484,315.2999877930,306.4700012207,308.6499938965,305.7218322754,22312300
2023-10-23,309.5000000000,317.3599853516,307.2600097656,314.0100097656,311.0310668945,17796800
2023-10-24,316.7799987793,318.3500061035,310.6300048828,312.5499877930,309.5848999023,19525500
2023-10-25,310.0000000000,310.8800048828,298.8399963379,299.5299987793,296.6885070801,42192500
2023-10-26,295.0000000000,295.0000000000,279.3999938965,288.3500061035,285.6144714355,66684100
2023-10-27,294.4800109863,299.3099975586,292.9700012207,296.7300109863,293.9150085449,29596300
2023-10-30,299.0899963379,309.3999938965,299.0499877930,302.6600036621,299.7886657715,28435100
2023-10-31,303.3099975586,303.6799926758,296.8599853516,301.2699890137,298.4119567871,19434200
2023-11-01,301.8500061035,312.7399902344,301.8500061035,311.8500061035,308.8914794922,20434600
2023-11-02,317.2999877930,318.8200073242,308.3299865723,310.8699951172,307.9208068848,21631800
2023-11-03,312.5499877930,315.5499877930,311.0199890137,314.6000061035,311.6154479980,16764300
2023-11-06,315.9800109863,318.3299865723,314.4500122070,315.7999877930,312.8041076660,12887700
2023-11-07,317.0599975586,321.0000000000,315.1199951172,318.8200073242,315.7954101562,14055600
2023-11-08,318.1400146484,321.3299865723,314.8800048828,319.7799987793,316.7463378906,13609700
2023-11-09,319.4200134277,324.1799926758,318.7999877930,320.5499877930,317.5089721680,16103100
2023-11-10,319.9400024414,329.1000061035,319.4599914551,328.7699890137,325.6510009766,19096200
2023-11-13,326.2000122070,332.3299865723,325.7000122070,329.1900024414,326.0670776367,16908900
2023-11-14,334.5400085449,338.1000061035,333.3299865723,336.3099975586,333.1194763184,17179400
2023-11-15,337.9299926758,338.3999938965,330.0199890137,332.7099914551,329.5536804199,14531200
2023-11-16,329.3699951172,334.5799865723,326.3800048828,334.1900024414,331.0196228027,18932600
2023-11-17,330.2600097656,335.5000000000,329.3500061035,335.0400085449,331.8615722656,14494400
2023-11-20,334.8900146484,341.8699951172,334.1900024414,339.9700012207,336.7447509766,16960500
2023-11-21,338.3299865723,339.8999938965,335.8999938965,336.9800109863,333.7831420898,12027900
2023-11-22,339.2099914551,342.9200134277,338.5799865723,341.4899902344,338.2503662109,10702700
2023-11-24,340.1300048828,341.8599853516,336.7699890137,338.2300109863,335.0212707520,5467500
2023-11-27,336.1799926758,339.8999938965,334.2000122070,334.7000122070,331.5248107910,15684500
2023-11-28,333.3999938965,339.3800048828,333.3999938965,338.9899902344,335.7740478516,12637200
2023-11-29,339.6900024414,339.8999938965,330.7799987793,332.2000122070,329.0484619141,16024500
2023-11-30,331.8900146484,333.5000000000,322.3999938965,327.1499938965,324.0463867188,23146400
2023-12-01,325.4800109863,326.8599853516,320.7600097656,324.8200073242,321.7384948730,15276400
2023-12-04,317.2900085449,320.8599853516,313.6600036621,320.0199890137,316.9840087891,19037100
2023-12-05,318.9800109863,321.8800048828,315.3900146484,318.2900085449,315.2704772949,16952100
2023-12-06,321.9299926758,322.2500000000,317.0400085449,317.4500122070,314.4384765625,11294300
2023-12-07,317.7699890137,328.2399902344,317.7699890137,326.5899963379,323.4916687012,15905100
2023-12-08,323.0899963379,333.1700134277,323.0000000000,332.7500000000,329.5932617188,14087400
2023-12-11,329.3999938965,329.8900146484,320.0000000000,325.2799987793,322.1941528320,25802500
2023-12-12,324.6000061035,334.4700012207,324.5599975586,334.2200012207,331.0493164062,18485500
2023-12-13,333.9299926758,338.3699951172,332.6400146484,334.7399902344,331.5643615723,16353300
2023-12-14,333.8500061035,334.7000122070,328.6400146484,333.1700134277,330.0093078613,19607300
2023-12-15,331.9899902344,338.6600036621,331.2200012207,334.9200134277,331.7426452637,31776900
2023-12-18,337.4800109863,347.5599975586,337.0199890137,344.6199951172,341.3506469727,18993900
2023-12-19,345.5799865723,353.6000061035,345.1199951172,350.3599853516,347.0362243652,17729400
2023-12-20,348.6499938965,354.9599914551,347.7900085449,349.2799987793,345.9664306641,16369900
2023-12-21,352.9800109863,356.4100036621,349.2099914551,354.0899963379,350.7307739258,15289600
2023-12-22,355.5799865723,357.2000122070,351.2200012207,353.3900146484,350.0374755859,11772800
2023-12-26,354.9899902344,356.9800109863,353.4500122070,354.8299865723,351.4637756348,9898600
2023-12-27,356.0700073242,359.0000000000,355.3099975586,357.8299865723,354.4353027344,13207900
2023-12-28,359.7000122070,361.8999938965,357.8099975586,358.3200073242,354.9207153320,11798800
2023-12-29,358.9899902344,360.0000000000,351.8200073242,353.9599914551,350.6020202637,14987100
2024-01-02,351.3200073242,353.1600036621,340.0100097656,346.2900085449,343.0048217773,19042200
2024-01-03,344.9800109863,347.9500122070,343.1799926758,344.4700012207,341.2020874023,15451100
2024-01-04,344.5000000000,348.1499938965,343.3999938965,347.1199951172,343.8269653320,12099900
2024-01-05,346.9899902344,353.5000000000,346.2600097656,351.9500122070,348.6111755371,13920700
2024-01-08,354.7000122070,358.9800109863,352.0499877930,358.6600036621,355.2574768066,13890200
2024-01-09,356.3999938965,360.6400146484,355.3599853516,357.4299926758,354.0390930176,13463900
2024-01-10,360.1700134277,372.9400024414,359.0799865723,370.4700012207,366.9553833008,22117200
2024-01-11,372.1300048828,372.7799987793,362.9299926758,369.6700134277,366.1630554199,17205400
2024-01-12,370.1600036621,377.0599975586,369.5400085449,374.4899902344,370.9373168945,19310000
2024-01-16,373.6499938965,375.6099853516,367.2300109863,367.4599914551,363.9739990234,15306900
2024-01-17,366.2999877930,368.5400085449,358.6099853516,368.3699951172,364.8753051758,12724800
2024-01-18,371.4899902344,376.8500061035,370.9500122070,376.1300048828,372.5617065430,16354300
2024-01-19,379.0000000000,384.3599853516,377.9700012207,383.4500122070,379.8123168945,21670800
2024-01-22,387.9500122070,390.3500061035,381.1600036621,381.7799987793,378.1580810547,17680500
2024-01-23,384.6199951172,388.3800048828,382.0799865723,385.2000122070,381.5456848145,15506100
2024-01-24,390.0000000000,396.1499938965,387.8099975586,390.7000122070,386.9934692383,15698500
2024-01-25,390.1700134277,395.4899902344,385.6600036621,393.1799926758,389.4499816895,15091100
2024-01-26,394.3500061035,396.7900085449,391.5899963379,394.1400146484,390.4009094238,13163700
2024-01-29,394.9899902344,402.9299926758,393.1000061035,401.0199890137,397.2155456543,18742400
2024-01-30,403.5899963379,406.3599853516,399.5700073242,400.0599975586,396.2647399902,18614700
2024-01-31,389.0000000000,398.0000000000,387.1000061035,390.1400146484,386.4388122559,20180800
2024-02-01,393.9400024414,400.5000000000,393.0499877930,394.7799987793,391.0348510742,29727100
2024-02-02,459.6000061035,485.9599914551,453.0100097656,474.9899902344,470.4837951660,84707600
2024-02-05,469.8800048828,471.8999938965,459.2200012207,459.4100036621,455.0516662598,40832400
2024-02-06,464.0000000000,467.1199951172,453.0000000000,454.7200012207,450.4061584473,21655200
2024-02-07,458.0000000000,471.5199890137,456.1799926758,469.5899963379,465.1350402832,23066000
2024-02-08,468.3200073242,470.5899963379,465.0299987793,470.0000000000,465.5412597656,18815100
2024-02-09,472.9500122070,473.5899963379,467.4700012207,468.1099853516,463.6690979004,18413100
2024-02-12,468.1900024414,479.1499938965,466.5799865723,468.8999938965,464.4516601562,19382000
2024-02-13,456.8699951172,467.8900146484,455.0899963379,460.1199951172,455.7548828125,20916600
2024-02-14,467.9299926758,474.1099853516,466.0899963379,473.2799987793,468.7900695801,16858400
2024-02-15,475.2799987793,488.6199951172,472.2200012207,484.0299987793,479.4380798340,24212300
2024-02-16,478.1099853516,478.9599914551,469.2099914551,473.3200073242,468.8297424316,23324600
2024-02-20,469.7200012207,476.1799926758,466.5599975586,471.7500000000,467.2745666504,18015500
2024-02-21,466.5000000000,469.0000000000,461.7900085449,468.0299987793,464.0817565918,12921800
2024-02-22,480.2399902344,489.9899902344,476.0599975586,486.1300048828,482.0291137695,21625800
2024-02-23,488.0499877930,494.3599853516,482.3500061035,484.0299987793,479.9467468262,18374300
2024-02-26,483.4700012207,486.1400146484,480.6000061035,481.7399902344,477.6761474609,12101400
2024-02-27,479.9800109863,487.2699890137,479.9200134277,487.0499877930,482.9413146973,10809600
2024-02-28,485.0000000000,491.0499877930,482.7500000000,484.0199890137,479.9368286133,12715500
2024-02-29,488.4400024414,491.7000122070,482.6099853516,490.1300048828,485.9953002930,17732000
2024-03-01,492.1099853516,504.2500000000,491.8500061035,502.2999877930,498.0625915527,16273600
2024-03-04,503.0000000000,504.4200134277,496.4200134277,498.1900024414,493.9873352051,12324100
2024-03-05,495.0000000000,495.5799865723,487.8900146484,490.2200012207,486.0845336914,15325300
2024-03-06,497.6300048828,502.9700012207,494.2900085449,496.0899963379,491.9050292969,11757900
2024-03-07,503.2799987793,519.8499755859,501.3800048828,512.1900024414,507.8692321777,18586400
2024-03-08,514.1900024414,523.5700073242,499.3500061035,505.9500122070,501.6818542480,18597100
2024-03-11,497.0100097656,497.3200073242,476.0000000000,483.5899963379,479.5104675293,20428300
2024-03-12,493.2600097656,502.3099975586,484.7300109863,499.7500000000,495.5341491699,15448200
2024-03-13,495.3900146484,500.9800109863,491.0299987793,495.5700073242,491.3894348145,12090700
2024-03-14,500.2600097656,501.3500061035,488.1600036621,491.8299865723,487.6809387207,12620000
2024-03-15,489.0100097656,491.8299865723,481.2999877930,484.1000061035,480.0161437988,29153600
2024-03-18,491.9100036621,497.4200134277,486.8099975586,496.9800109863,492.7875976562,11755300
2024-03-19,488.1700134277,496.6300048828,481.2799987793,496.2399902344,492.0537414551,10903100
2024-03-20,499.5000000000,508.2000122070,495.1700134277,505.5199890137,501.2554931641,11711100
2024-03-21,514.7100219727,515.0399780273,506.0100097656,507.7600097656,503.4766235352,9712500
2024-03-22,507.0000000000,509.9700012207,504.3399963379,509.5799865723,505.2812500000,8120600
2024-03-25,505.7900085449,507.2200012207,500.2399902344,503.0199890137,498.7766113281,8380600
2024-03-26,505.1300048828,510.0000000000,495.2099914551,495.8900146484,491.7067871094,11205400
2024-03-27,499.2999877930,499.8900146484,488.0700073242,493.8599853516,489.6938476562,9989700
2024-03-28,492.8399963379,492.8900146484,485.1499938965,485.5799865723,481.4837036133,15212800
2024-04-01,487.2000122070,497.4299926758,481.7799987793,491.3500061035,487.2050170898,9247000
2024-04-02,485.1000061035,497.5299987793,484.6499938965,497.3699951172,493.1742858887,11081000
2024-04-03,498.9299926758,507.2399902344,498.7500000000,506.7399902344,502.4652099609,12099200
2024-04-04,516.4199829102,530.0000000000,510.5799865723,510.9200134277,506.6099548340,26476300
2024-04-05,516.8599853516,530.7000122070,514.4099731445,527.3400268555,522.8914794922,19263300
2024-04-08,529.2800292969,531.4899902344,518.8900146484,519.2500000000,514.8697509766,13260600
2024-04-09,522.2299804688,525.8699951172,506.7399902344,516.9000244141,512.5394897461,10863800
2024-04-10,509.2900085449,522.5599975586,505.7999877930,519.8300170898,515.4447631836,11418500
2024-04-11,521.1099853516,523.8599853516,517.2899780273,523.1599731445,518.7467651367,10369500
2024-04-12,517.7500000000,520.1900024414,509.3299865723,511.8999938965,507.5816345215,11984500
2024-04-15,516.7199707031,518.5300292969,497.2799987793,500.2300109863,496.0101318359,13512900
2024-04-16,498.1099853516,504.7699890137,497.1099853516,499.7600097656,495.5440673828,9847900
2024-04-17,503.1000061035,503.1600036621,487.1400146484,494.1700134277,490.0012512207,12193700
2024-04-18,499.8200073242,512.2100219727,499.0400085449,501.7999877930,497.5668945312,14808700
2024-04-19,502.7999877930,502.7999877930,475.7300109863,481.0700073242,477.0117492676,25215400
2024-04-22,489.7200012207,492.0100097656,473.3999938965,481.7300109863,477.6661682129,17271100
2024-04-23,491.2500000000,498.7600097656,488.9700012207,496.1000061035,491.9149475098,15079200
2024-04-24,508.0599975586,510.0000000000,484.5799865723,493.5000000000,489.3369140625,37772700
2024-04-25,421.3999938965,445.7699890137,414.5000000000,441.3800048828,437.6565551758,82890700
2024-04-26,441.4599914551,446.4400024414,431.9599914551,443.2900085449,439.5504150391,32691400
2024-04-29,439.5599975586,439.7600097656,428.5599975586,432.6199951172,428.9704895020,21502600
2024-04-30,431.0499877930,439.6199951172,429.7200012207,430.1700134277,426.5411987305,18429500
2024-05-01,428.6000061035,449.9599914551,427.1099853516,439.1900024414,435.4850463867,20344900
2024-05-02,438.8399963379,443.9599914551,432.2799987793,441.6799926758,437.9540100098,15221300
2024-05-03,445.9299926758,454.1700134277,443.8500061035,451.9599914551,448.1473083496,16489100
2024-05-06,455.5799865723,466.1600036621,453.3399963379,465.6799926758,461.7515258789,15094600
2024-05-07,466.2900085449,471.5299987793,461.3099975586,468.2399902344,464.2899780273,13406800
2024-05-08,463.5000000000,475.5799865723,463.0000000000,472.6000061035,468.6132202148,11683900
2024-05-09,470.0000000000,476.0799865723,467.6300048828,475.4200134277,471.4093933105,9437700
2024-05-10,477.0899963379,477.5000000000,469.6000061035,476.2000122070,472.1828613281,10750000
2024-05-13,472.7500000000,473.3500061035,462.8500061035,468.0100097656,464.0619201660,14668800
2024-05-14,463.3699951172,472.5400085449,460.0799865723,471.8500061035,467.8695373535,10478600
2024-05-15,474.9800109863,482.5000000000,471.2000122070,481.5400085449,477.4778137207,13100500
2024-05-16,475.0000000000,477.6900024414,472.7500000000,473.2300109863,469.2379455566,16608200
2024-05-17,470.8299865723,472.7999877930,468.4200134277,471.9100036621,467.9290466309,10807300
2024-05-20,469.9500122070,473.2000122070,467.0400085449,468.8399963379,464.8849182129,11745100
2024-05-21,467.1199951172,470.7000122070,462.2699890137,464.6300048828,460.7104797363,11742200
2024-05-22,467.8699951172,473.7200012207,465.6499938965,467.7799987793,463.8338928223,10078600
2024-05-23,472.8800048828,474.3599853516,461.5400085449,465.7799987793,461.8506774902,11747900
2024-05-24,467.6199951172,479.8500061035,466.2999877930,478.2200012207,474.1857604980,12024300
2024-05-28,476.5799865723,480.8599853516,474.8399963379,479.9200134277,475.8714599609,10175800
2024-05-29,474.6600036621,479.8500061035,473.7000122070,474.3599853516,470.3583374023,9226200
2024-05-30,471.6700134277,471.7300109863,464.7099914551,467.0499877930,463.1100463867,10719600
2024-05-31,465.7999877930,469.1199951172,454.4599914551,466.8299865723,462.8919067383,16919800
2024-06-03,470.8599853516,479.6000061035,468.2399902344,477.4899902344,473.4619750977,11279400
2024-06-04,477.0000000000,478.8900146484,473.2300109863,476.9899902344,472.9662170410,7088700
2024-06-05,484.4500122070,496.6499938965,483.9100036621,495.0599975586,490.8837585449,15690500
2024-06-06,492.9800109863,502.8200073242,490.8900146484,493.7600097656,489.5947265625,10667300
2024-06-07,495.9100036621,498.9100036621,490.1700134277,492.9599914551,488.8014526367,9380700
2024-06-10,493.8599853516,502.6600036621,493.4100036621,502.6000061035,498.3601684570,11220900
2024-06-11,500.1600036621,507.6000061035,498.2699890137,507.4700012207,503.1890563965,9673700
2024-06-12,513.9899902344,514.0100097656,504.4700012207,508.8399963379,504.5474243164,11983200
2024-06-13,505.7099914551,509.3599853516,501.3599853516,504.1000061035,499.8475036621,9954600
2024-06-14,502.6499938965,507.1499938965,500.7500000000,504.1600036621,500.4032592773,10243300
2024-06-17,501.6700134277,510.7500000000,496.0100097656,506.6300048828,502.8548889160,11266600
2024-06-18,504.5599975586,506.0000000000,495.0199890137,499.4899902344,495.7680969238,13060400
2024-06-20,502.0000000000,503.6700134277,496.7699890137,501.7000122070,497.9617004395,11801200
2024-06-21,503.4500122070,503.4500122070,492.3900146484,494.7799987793,491.0931701660,22359200
2024-06-24,499.2000122070,507.7999877930,494.2900085449,498.9100036621,495.1924133301,13525300
2024-06-25,497.0499877930,510.7099914551,495.5000000000,510.6000061035,506.7952880859,12063200
2024-06-26,506.6499938965,513.8099975586,504.6799926758,513.1199951172,509.2965087891,8882300
2024-06-27,514.2500000000,522.8800048828,513.9000244141,519.5599975586,515.6885375977,10121200
2024-06-28,517.1500244141,521.8800048828,503.8399963379,504.2200012207,500.4628906250,15855100
2024-07-01,504.9500122070,506.5799865723,493.1700134277,504.6799926758,500.9194335938,10328200
2024-07-02,500.7600097656,510.5000000000,499.4500122070,509.5000000000,505.7034912109,7739500
2024-07-03,506.3699951172,511.2799987793,506.0199890137,509.9599914551,506.1600952148,6005600
2024-07-05,511.6000061035,540.8699951172,511.6000061035,539.9099731445,535.8869628906,21354100
2024-07-08,542.3499755859,542.8099975586,526.6500244141,529.3200073242,525.3759155273,14917500
2024-07-09,533.7500000000,537.4799804688,528.1900024414,530.0000000000,526.0507202148,8753200
2024-07-10,530.7899780273,538.8800048828,528.3599853516,534.6900024414,530.7059326172,10983300
2024-07-11,530.8900146484,535.4600219727,508.3699951172,512.7000122070,508.8796997070,16458300
2024-07-12,497.7600097656,508.0899963379,494.2300109863,498.8699951172,495.1527404785,19750500
2024-07-15,498.6300048828,506.6799926758,493.3699951172,496.1600036621,492.4629516602,12539200
2024-07-16,501.5000000000,503.9500122070,485.7900085449,489.7900085449,486.1404418945,14075800
2024-07-17,479.1700134277,479.1700134277,459.1199951172,461.9899902344,458.5475158691,28076600
2024-07-18,475.0000000000,479.2399902344,464.5400085449,475.8500061035,472.3042602539,19267200
2024-07-19,476.0599975586,486.7099914551,475.7099914551,476.7900085449,473.2373046875,15149400
2024-07-22,486.5799865723,492.0599975586,483.8999938965,487.3999938965,483.7682189941,12023100
2024-07-23,489.8399963379,495.2200012207,487.7200012207,488.6900024414,485.0485839844,9455500
2024-07-24,472.3099975586,476.2999877930,460.5799865723,461.2699890137,457.8328857422,17649700
2024-07-25,463.2600097656,463.5499877930,442.6499938965,453.4100036621,450.0314025879,18240500
2024-07-26,464.2000122070,469.7699890137,459.4200134277,465.7000122070,462.2298889160,14222400
2024-07-29,469.8800048828,473.9599914551,465.0199890137,465.7099914551,462.2398376465,11339600
2024-07-30,467.0000000000,472.7300109863,456.7000122070,463.1900024414,459.7385864258,11390400
2024-07-31,471.0199890137,476.5000000000,466.7500000000,474.8299865723,471.2918701172,24285800
2024-08-01,521.0000000000,527.1699829102,492.1000061035,497.7399902344,494.0311584473,43083100
2024-08-02,489.0000000000,501.1499938965,476.1499938965,488.1400146484,484.5027160645,24044700
2024-08-05,451.3500061035,483.4800109863,450.7999877930,475.7300109863,472.1851501465,21396200
2024-08-06,479.0000000000,502.5599975586,478.6499938965,494.0899963379,490.4083557129,20955000
2024-08-07,503.1300048828,510.1499938965,486.8599853516,488.9200134277,485.2769165039,20105300
2024-08-08,497.5000000000,509.9599914551,494.7200012207,509.6300048828,505.8325500488,16156800
2024-08-09,507.7099914551,518.3400268555,505.7000122070,517.7700195312,513.9119262695,13696600
2024-08-12,516.8599853516,518.0200195312,509.1000061035,515.9500122070,512.1054687500,9767400
2024-08-13,520.0100097656,531.5000000000,518.1500244141,528.5399780273,524.6017456055,13743800
2024-08-14,528.0599975586,534.0000000000,523.1300048828,526.7600097656,522.8349609375,11444200
2024-08-15,531.7899780273,539.7700195312,526.7000122070,537.3300170898,533.3261718750,13482100
2024-08-16,531.9000244141,533.6599731445,524.6599731445,527.4199829102,523.4899902344,14776700
2024-08-19,526.8699951172,531.6599731445,522.7600097656,529.2800292969,525.3360595703,9879700
2024-08-20,528.3499755859,531.0900268555,525.8800048828,526.7299804688,522.8050537109,7944400
2024-08-21,527.1500244141,539.4000244141,526.9299926758,535.1599731445,531.1723632812,13423300
2024-08-22,537.0000000000,544.2299804688,528.5900268555,531.9299926758,527.9663696289,15708300
2024-08-23,536.9199829102,539.8699951172,525.0599975586,528.0000000000,524.0657348633,11323900
2024-08-26,527.5999755859,528.0000000000,514.9500122070,521.1199951172,517.2369384766,9584000
2024-08-27,518.9799804688,524.0100097656,515.3099975586,519.0999755859,515.2319946289,6282700
2024-08-28,517.6699829102,521.0900268555,512.4500122070,516.7800292969,512.9293212891,9106100
2024-08-29,519.0499877930,527.2000122070,515.6799926758,518.2199707031,514.3584594727,8317400
2024-08-30,521.3499755859,523.5399780273,515.2000122070,521.3099975586,517.4254760742,9157500
2024-09-03,519.6400146484,525.4899902344,508.6199951172,511.7600097656,507.9466552734,12459100
2024-09-04,506.0700073242,516.5900268555,504.0700073242,512.7399902344,508.9193420410,8335200
2024-09-05,511.7200012207,521.6300048828,511.1499938965,516.8599853516,513.0087280273,8640900
2024-09-06,521.8800048828,524.5800170898,498.2500000000,500.2699890137,496.5422668457,14744500
2024-09-09,506.1600036621,511.3299865723,502.0799865723,504.7900085449,501.0286254883,11047800
2024-09-10,508.1600036621,514.1799926758,500.0299987793,504.7900085449,501.0286254883,9899000
2024-09-11,507.0100097656,513.1199951172,495.6000061035,511.8299865723,508.0161743164,10782500
2024-09-12,517.0499877930,526.7100219727,515.2199707031,525.5999755859,521.6836547852,11970500
2024-09-13,520.3400268555,527.5800170898,517.1099853516,524.6199951172,520.7108764648,10321400
2024-09-16,524.5399780273,534.0999755859,517.4000244141,533.2800292969,529.8112792969,9527600
2024-09-17,537.5999755859,542.0999755859,530.5700073242,536.3200073242,532.8314819336,11690800
2024-09-18,537.0700073242,544.2000122070,533.9000244141,537.9500122070,534.4509277344,10323500
2024-09-19,550.0000000000,562.0700073242,546.5200195312,559.0999755859,555.4633789062,15647000
2024-09-20,560.0000000000,564.5000000000,556.2999877930,561.3499755859,557.6986694336,22066800
2024-09-23,569.5000000000,573.9799804688,562.4099731445,564.4099731445,560.7387084961,12830700
2024-09-24,566.6799926758,567.7500000000,554.1900024414,563.3300170898,559.6658325195,12993000
2024-09-25,564.0499877930,576.8800048828,563.7199707031,568.3099975586,564.6133422852,16543400
2024-09-26,575.7299804688,577.4000244141,562.3499755859,567.8400268555,564.1466064453,14400800
2024-09-27,570.0999755859,570.8400268555,564.5100097656,567.3599853516,563.6696777344,9398400
2024-09-30,567.7000122070,574.6799926758,564.7999877930,572.4400024414,568.7166137695,12792300
2024-10-01,577.9799804688,583.0399780273,570.0999755859,576.4699707031,572.7202758789,15259300
2024-10-02,574.8599853516,576.0000000000,569.3400268555,572.8099975586,569.0841674805,6524700
2024-10-03,570.1500244141,583.3599853516,568.7299804688,582.7700195312,578.9794311523,11581000
2024-10-04,583.7299804688,596.8499755859,581.4299926758,595.9400024414,592.0637207031,14169500
2024-10-07,598.2199707031,602.9500122070,584.0399780273,584.7800292969,580.9763183594,12014200
2024-10-08,589.6900024414,593.5599975586,585.9699707031,592.8900146484,589.0335693359,7857400
2024-10-09,593.9899902344,594.3900146484,581.6099853516,590.5100097656,586.6688842773,9529700
2024-10-10,587.5700073242,590.2299804688,582.5200195312,583.8300170898,580.0324707031,7740400
2024-10-11,584.8300170898,591.2100219727,582.7100219727,589.9500122070,586.1126708984,8587100
2024-10-14,594.2199707031,600.0999755859,589.9600219727,590.4199829102,586.5795288086,8252000
2024-10-15,590.1599731445,590.6099853516,580.1400146484,586.2700195312,582.4566650391,9564200
2024-10-16,581.4000244141,582.0800170898,574.0300292969,576.7899780273,573.0382690430,11268400
2024-10-17,583.3300170898,584.9699707031,575.2000122070,576.9299926758,573.1773681641,8701200
2024-10-18,581.0999755859,583.9699707031,575.2500000000,576.4699707031,572.7202758789,7694300
2024-10-21,576.0300292969,577.2399902344,569.1099853516,575.1599731445,571.4187622070,8171900
2024-10-22,574.2899780273,583.5300292969,572.1199951172,582.0100097656,578.2243041992,8544500
2024-10-23,579.9699707031,585.0000000000,562.5000000000,563.6900024414,560.0234985352,14248400
2024-10-24,567.1300048828,568.8800048828,561.5200195312,567.7800292969,564.0867309570,7184700
2024-10-25,573.9299926758,581.2899780273,571.7199707031,573.2500000000,569.5213012695,11337900
2024-10-28,582.0000000000,583.7500000000,574.1199951172,578.1599731445,574.3993530273,10925100
2024-10-29,580.1500244141,593.6699829102,575.4000244141,593.2800292969,589.4210815430,13019100
2024-10-30,600.9799804688,601.2000122070,589.3800048828,591.7999877930,587.9505615234,26864900
2024-10-31,585.0000000000,589.9000244141,563.0100097656,567.5800170898,563.8881225586,26838400
2024-11-01,567.6099853516,573.6699829102,562.5599975586,567.1599731445,563.4708862305,15303200
2024-11-04,564.0999755859,568.6900024414,557.8900146484,560.6799926758,557.0330810547,12064600
2024-11-05,567.2999877930,573.4799804688,566.6699829102,572.4299926758,568.7066650391,9775400
2024-11-06,562.7500000000,573.0000000000,555.1699829102,572.0499877930,568.3290405273,18305400
2024-11-07,576.8900146484,594.7999877930,575.2100219727,591.7000122070,587.8512573242,14653700
2024-11-08,591.5399780273,593.0999755859,584.5200195312,589.3400268555,585.5065917969,9415700
2024-11-11,586.3599853516,587.0000000000,576.5100097656,583.1699829102,579.3767089844,10209100
2024-11-12,588.5399780273,599.6599731445,580.3800048828,584.8200073242,581.0160522461,16287700
2024-11-13,582.6099853516,585.6400146484,575.1699829102,580.0000000000,576.2273559570,10757600
2024-11-14,577.0000000000,580.7600097656,573.0100097656,577.1599731445,573.4058837891,11053700
2024-11-15,571.2199707031,572.5700073242,551.5000000000,554.0800170898,550.4759521484,17712900
2024-11-18,557.0399780273,559.9000244141,550.0900268555,554.4000244141,550.7938232422,14327300
2024-11-19,551.8599853516,561.4299926758,550.5999755859,561.0900268555,557.4404296875,9522400
2024-11-20,562.9299926758,566.3499755859,554.2000122070,565.5200195312,561.8415527344,9797300
2024-11-21,569.5200195312,570.0000000000,549.0499877930,563.0900268555,559.4274291992,11154700
2024-11-22,563.5499877930,563.8300170898,554.5900268555,559.1400146484,555.5029907227,9164000
2024-11-25,562.0999755859,572.5900268555,556.3900146484,565.1099853516,561.4342651367,13599800
2024-11-26,566.0000000000,577.5000000000,565.2000122070,573.5399780273,569.8093872070,10356600
2024-11-27,574.8900146484,574.9799804688,564.0999755859,569.2000122070,565.4977416992,7200200
2024-11-29,569.0000000000,578.4600219727,566.9000244141,574.3200073242,570.5842895508,7130500
2024-12-02,577.5000000000,594.5000000000,575.5700073242,592.8300170898,588.9738769531,12522400
2024-12-03,595.0000000000,614.2000122070,591.2500000000,613.6500244141,609.6585083008,14907200
2024-12-04,612.9600219727,617.7800292969,605.0999755859,613.7800292969,609.7875976562,14697000
2024-12-05,617.0800170898,619.9000244141,607.0499877930,608.9299926758,604.9691772461,8081200
2024-12-06,610.0999755859,629.7899780273,608.5300292969,623.7700195312,619.7127075195,16935500
2024-12-09,623.9199829102,626.4000244141,606.1699829102,613.5700073242,609.5790405273,11426000
2024-12-10,617.5599975586,625.5900268555,612.7399902344,619.3200073242,615.2915649414,10938900
2024-12-11,623.3699951172,638.4000244141,621.5300292969,632.6799926758,628.5647583008,10837200
2024-12-12,631.5000000000,636.6599731445,627.2100219727,630.7899780273,626.6869506836,7474700
2024-12-13,627.2199707031,631.0800170898,616.8900146484,620.3499755859,616.3149414062,8453300
2024-12-16,629.9799804688,631.1500244141,618.5800170898,624.2399902344,620.6799316406,10885600
2024-12-17,626.1699829102,632.3699951172,616.5399780273,619.4400024414,615.9072265625,12897800
2024-12-18,621.0000000000,627.3599853516,596.3200073242,597.1900024414,593.7841796875,17075500
2024-12-19,610.3900146484,611.5200195312,595.0000000000,595.5700073242,592.1733398438,14958100
2024-12-20,590.5800170898,603.1099853516,580.0000000000,585.2500000000,581.9122314453,48989400
2024-12-23,589.5999755859,601.0900268555,586.2500000000,599.8499755859,596.4289550781,10205800
2024-12-24,602.7199707031,607.9899902344,599.2800292969,607.7500000000,604.2839355469,4726100
2024-12-26,605.4799804688,606.2999877930,598.9400024414,603.3499755859,599.9089965820,6081400
2024-12-27,599.4099731445,601.8499755859,589.7999877930,599.8099975586,596.3892211914,8084200
2024-12-30,588.7500000000,596.9400024414,585.5800170898,591.2399902344,587.8679809570,7025900
2024-12-31,592.2700195312,593.9699707031,583.8499755859,585.5100097656,582.1707153320,6019500
2025-01-02,589.7199707031,604.9099731445,587.8200073242,599.2399902344,595.8224487305,12682300
2025-01-03,604.7600097656,609.5000000000,596.4099731445,604.6300048828,601.1817016602,11436800
2025-01-06,611.8300170898,630.9899902344,605.6199951172,630.2000122070,626.6058349609,14560800
2025-01-07,631.7000122070,632.0999755859,608.2299804688,617.8900146484,614.3660888672,12071500
2025-01-08,613.4000244141,616.4400024414,602.7899780273,610.7199707031,607.2369384766,10085800
2025-01-10,610.0300292969,629.9099731445,597.3400268555,615.8599853516,612.3476562500,19256600
2025-01-13,607.0999755859,608.9699707031,598.4500122070,608.3300170898,604.8606567383,10785000
2025-01-14,605.0700073242,605.4899902344,588.5499877930,594.2500000000,590.8609008789,13598000
2025-01-15,610.2100219727,622.4600219727,606.5000000000,617.1199951172,613.6004638672,15524300
2025-01-16,611.5000000000,616.2500000000,609.7100219727,611.2999877930,607.8137207031,8355300
2025-01-17,624.0499877930,624.9699707031,603.6699829102,612.7700195312,609.2753295898,17280600
2025-01-21,617.8300170898,621.5000000000,609.0100097656,616.4600219727,612.9443359375,11674000
2025-01-22,623.2999877930,633.7000122070,619.4299926758,623.5000000000,619.9440307617,12274000
2025-01-23,627.3599853516,636.5999755859,621.1500244141,636.4500122070,632.8202514648,9910200
2025-01-24,636.4000244141,652.0000000000,634.2000122070,647.4899902344,643.7973632812,19065300
2025-01-27,626.6099853516,663.8699951172,625.0999755859,659.8800048828,656.1165771484,28399200
2025-01-28,666.0000000000,682.5800170898,659.4699707031,674.3300170898,670.4843139648,20950100
2025-01-29,675.0000000000,681.0499877930,665.6699829102,676.4899902344,672.6318969727,21377800
2025-01-30,696.8200073242,710.7899780273,676.0999755859,687.0000000000,683.0819702148,29322900
2025-01-31,691.0000000000,705.2999877930,685.5800170898,689.1799926758,685.2495727539,19303900
2025-02-03,675.9099731445,704.0000000000,675.2500000000,697.4600219727,693.4823608398,21415700
2025-02-04,702.5000000000,707.7100219727,691.6099853516,704.1900024414,700.1739501953,13826300
2025-02-05,703.5499877930,718.1400146484,699.0100097656,704.8699951172,700.8500366211,17778200
2025-02-06,705.8800048828,718.9000244141,703.5000000000,711.9899902344,707.9293823242,13080700
2025-02-07,716.7999877930,725.0100097656,711.7500000000,714.5200195312,710.4449462891,16427100
2025-02-10,718.5599975586,721.2000122070,711.3300170898,717.4000244141,713.3085937500,12904300
2025-02-11,713.3200073242,723.6599731445,710.0399780273,719.7999877930,715.6948852539,12998000
2025-02-12,715.2999877930,727.0999755859,712.5999755859,725.3800048828,721.2431030273,12016500
2025-02-13,721.5200195312,729.0000000000,718.0399780273,728.5599975586,724.4048461914,12569100
2025-02-14,726.1400146484,740.9099731445,725.6199951172,736.6699829102,732.4686279297,16901200
2025-02-18,736.0000000000,737.0000000000,706.4400024414,716.3699951172,712.2844848633,21938700
2025-02-19,704.0999755859,707.0000000000,695.3900146484,703.7700195312,699.7562866211,17535500
2025-02-20,697.2800292969,705.6300048828,693.6400146484,694.8400268555,690.8773193359,12587400
2025-02-21,696.5800170898,703.8699951172,682.3599853516,683.5499877930,679.6515502930,15660400
2025-02-24,686.2800292969,687.2700195312,662.4500122070,668.1300048828,664.3195800781,15677000
2025-02-25,665.9699707031,668.0000000000,641.8599853516,657.5000000000,653.7501220703,20579700
2025-02-26,659.6500244141,683.0100097656,658.0000000000,673.7000122070,669.8578491211,14488700
2025-02-27,682.4500122070,688.6500244141,657.5700073242,658.2399902344,654.4859619141,12500000
2025-02-28,658.0399780273,669.6300048828,642.5999755859,668.2000122070,664.3891601562,17534200
2025-03-03,673.6799926758,681.2500000000,650.8400268555,655.0499877930,651.3140869141,10843800
2025-03-04,645.5100097656,649.7500000000,623.6500244141,640.0000000000,636.3499755859,21495200
2025-03-05,641.0000000000,659.5000000000,637.6599731445,656.4699707031,652.7260131836,13770000
2025-03-06,648.0000000000,650.5599975586,624.1099853516,627.9299926758,624.3488769531,13446500
2025-03-07,625.3699951172,634.7899780273,600.6099853516,625.6599731445,622.0917968750,21375700
2025-03-10,608.0700073242,610.1099853516,586.8699951172,597.9899902344,594.5795898438,21999900
2025-03-11,595.0499877930,614.9299926758,593.3300170898,605.7100219727,602.2556762695,17401500
2025-03-12,629.9000244141,633.3300170898,609.3499755859,619.5599975586,616.0266113281,15747000
2025-03-13,620.2500000000,620.5000000000,586.5100097656,590.6400146484,587.2714843750,16480300
2025-03-14,602.7999877930,608.8599853516,594.7800292969,607.5999755859,604.6723022461,12364500
2025-03-17,607.4600219727,613.0999755859,598.0000000000,604.9000244141,601.9853515625,15473900
2025-03-18,600.0499877930,600.2500000000,574.6599731445,582.3599853516,579.5538330078,20297700
2025-03-19,584.2800292969,592.3200073242,574.7700195312,584.0599975586,581.2456665039,20537500
2025-03-20,582.7600097656,610.2000122070,579.5100097656,586.0000000000,583.1762695312,24336500
2025-03-21,583.4199829102,597.5399780273,580.9500122070,596.2500000000,593.3770141602,25015900
2025-03-24,614.9699707031,622.5399780273,612.2000122070,618.8499755859,615.8680419922,15741300
2025-03-25,626.7600097656,633.8800048828,621.1799926758,626.3099975586,623.2921142578,15312500
2025-03-26,624.8900146484,626.7500000000,606.6099853516,610.9799804688,608.0359497070,12609800
2025-03-27,602.0000000000,614.2500000000,600.0999755859,602.5800170898,599.6764526367,10436500
2025-03-28,600.3099975586,601.7500000000,573.9199829102,576.7399902344,573.9609375000,17602800
2025-03-31,563.5000000000,578.7000122070,553.2999877930,576.3599853516,573.5828247070,21124700
2025-04-01,570.8400268555,589.9099731445,570.0000000000,586.0000000000,583.1762695312,12836600
2025-04-02,574.9099731445,592.6599731445,573.3599853516,583.9299926758,581.1162719727,13470800
2025-04-03,546.2199707031,552.5599975586,530.2999877930,531.6199951172,529.0584106445,34777500
2025-04-04,506.6199951172,518.0000000000,494.2000122070,504.7300109863,502.2979431152,38589800
2025-04-07,485.1000061035,539.3699951172,481.8999938965,516.2500000000,513.7623901367,36606100
2025-04-08,543.2500000000,547.4299926758,502.8599853516,510.4500122070,507.9903869629,28034200
2025-04-09,509.2699890137,587.8900146484,502.1099853516,585.7700195312,582.9473876953,39216600
2025-04-10,575.4899902344,581.2999877930,535.2999877930,546.2899780273,543.6576538086,28173500
2025-04-11,535.5100097656,547.4000244141,528.5900268555,543.5700073242,540.9508666992,17642300
2025-04-14,556.1699829102,557.7700195312,528.2800292969,531.4799804688,528.9190673828,14130900
2025-04-15,532.1099853516,537.9400024414,517.5000000000,521.5200195312,519.0070190430,15558700
2025-04-16,508.5100097656,513.3699951172,495.6300048828,502.3099975586,499.8895874023,18735100
2025-04-17,505.2500000000,507.2999877930,498.0100097656,501.4800109863,499.0635986328,14593500
2025-04-21,491.3299865723,493.5000000000,479.7999877930,484.6600036621,482.3246765137,16166000
2025-04-22,491.8699951172,506.8800048828,486.3599853516,500.2799987793,497.8693847656,17399400
2025-04-23,528.5300292969,535.3400268555,516.5200195312,520.2700195312,517.7630615234,18173900
2025-04-24,518.7299804688,533.9000244141,517.5000000000,533.1500244141,530.5811767578,13910000
2025-04-25,546.7999877930,549.8599853516,536.2500000000,547.2700195312,544.6329956055,17098900
2025-04-28,555.6400146484,558.4899902344,540.5900268555,549.7399902344,547.0910644531,15179000
2025-04-29,546.0000000000,556.5700073242,544.1199951172,554.4400024414,551.7684936523,11835000
2025-04-30,538.4000244141,549.0999755859,529.5000000000,549.0000000000,546.3546752930,29244000
2025-05-01,592.0800170898,592.9500122070,570.5000000000,572.2100219727,569.4528198242,31159000
2025-05-02,583.4600219727,604.3400268555,578.3300170898,597.0200195312,594.1433715820,24739300
2025-05-05,591.2199707031,603.2100219727,588.0499877930,599.2700195312,596.3825073242,13887700
2025-05-06,592.5300292969,596.0300292969,586.5800170898,587.3099975586,584.4801025391,10600700
2025-05-07,590.3599853516,603.0800170898,586.6699829102,596.8099975586,593.9342651367,13139100
2025-05-08,606.2899780273,611.2999877930,596.6199951172,598.0100097656,595.1285400391,14622800
2025-05-09,603.7199707031,606.9699707031,591.7100219727,592.4899902344,589.6350708008,10427300
2025-05-12,630.9199829102,640.3900146484,621.0300292969,639.4299926758,636.3488159180,21965100
2025-05-13,645.5399780273,660.9199829102,642.8300170898,656.0300292969,652.8688354492,18570800
2025-05-14,661.2100219727,662.6699829102,654.3099975586,659.3599853516,656.1828002930,12348200
2025-05-15,654.2800292969,657.3099975586,638.5800170898,643.8800048828,640.7774658203,14341800
2025-05-16,637.9600219727,640.4400024414,626.1500244141,640.3400268555,637.2545166016,18519000
2025-05-19,628.2500000000,643.0000000000,627.7999877930,640.4299926758,637.3440551758,9592400
2025-05-20,636.0100097656,639.3499755859,632.2600097656,637.0999755859,634.0300903320,6743500
2025-05-21,631.7899780273,646.6099853516,630.1699829102,635.5000000000,632.4378051758,11464600
2025-05-22,634.0499877930,643.2500000000,630.7100219727,636.5700073242,633.5026855469,8228400
2025-05-23,624.0000000000,632.4500122070,622.6500244141,627.0599975586,624.0385131836,8454100
2025-05-27,635.4099731445,643.0800170898,632.7500000000,642.3200073242,639.2249755859,9508400
2025-05-28,642.5999755859,650.8800048828,642.5499877930,643.5800170898,640.4789428711,9042900
2025-05-29,651.6500244141,653.3200073242,639.5000000000,645.0499877930,641.9417724609,8858800
2025-05-30,642.5000000000,649.4099731445,632.7800292969,647.4899902344,644.3700561523,16241000
2025-06-02,644.3900146484,673.2600097656,644.2600097656,670.9000244141,667.6672973633,15766300
2025-06-03,671.4500122070,675.5800170898,665.0300292969,666.8499755859,663.6367797852,11585000
2025-06-04,669.3200073242,689.0000000000,668.5700073242,687.9500122070,684.6350708008,14031900
2025-06-05,691.6599731445,694.3800048828,682.2500000000,684.6199951172,681.3211059570,13083100
2025-06-06,696.1699829102,702.8099975586,691.8699951172,697.7100219727,694.3480834961,11728000
2025-06-09,698.4600219727,705.1900024414,693.9400024414,694.0599975586,690.7156372070,12773200
2025-06-10,701.3499755859,703.2299804688,691.5599975586,702.4000244141,699.0155029297,10850100
2025-06-11,703.7100219727,708.8699951172,691.9899902344,694.1400146484,690.7952880859,9582500
2025-06-12,693.2999877930,695.3800048828,687.0000000000,693.3599853516,690.0189819336,7322700
2025-06-13,687.9500122070,694.5700073242,681.0100097656,682.8699951172,679.5795288086,9274400
2025-06-16,699.3300170898,707.1500244141,693.5100097656,702.1199951172,699.2744140625,13720300
2025-06-17,702.0000000000,705.9699707031,696.0599975586,697.2299804688,694.4042358398,10066100
2025-06-18,698.1799926758,701.5900268555,694.9000244141,695.7700195312,692.9501953125,10068300
2025-06-20,700.7500000000,701.8200073242,678.6699829102,682.3499755859,679.5845336914,22538600
2025-06-23,683.6900024414,699.0499877930,678.7500000000,698.5300292969,695.6990356445,11080100
2025-06-24,704.8900146484,713.1900024414,702.1099853516,712.2000122070,709.3135375977,13823200
2025-06-25,713.3200073242,716.5800170898,705.3800048828,708.6799926758,705.8078613281,9320400
2025-06-26,714.3599853516,728.2199707031,711.0499877930,726.0900268555,723.1473999023,13964800
2025-06-27,726.5200195312,735.4299926758,725.8599853516,733.6300048828,730.6567382812,18775700
2025-06-30,744.5499877930,747.9000244141,734.2500000000,738.0900268555,735.0987548828,15402100
2025-07-01,736.8800048828,737.7500000000,715.3699951172,719.2199707031,716.3051147461,13431200
2025-07-02,715.3300170898,720.2999877930,712.7999877930,713.5700073242,710.6781005859,9336700
2025-07-03,726.6099853516,729.0300292969,714.4199829102,719.0100097656,716.0960693359,8601700
2025-07-07,717.5999755859,727.0000000000,713.5100097656,718.3499755859,715.4385986328,9457100
2025-07-08,721.5700073242,722.9099731445,714.8099975586,720.6699829102,717.7492675781,7770700
2025-07-09,722.7199707031,737.5300292969,722.7199707031,732.7800292969,729.8101806641,11418000
2025-07-10,731.5499877930,735.7999877930,719.5999755859,727.2399902344,724.2926635742,9913600
2025-07-11,722.5000000000,725.1599731445,709.7000122070,717.5100097656,714.6021118164,10873900
2025-07-14,717.5999755859,728.0000000000,716.5499877930,720.9199829102,717.9982299805,8939400
2025-07-15,723.9000244141,724.4699707031,709.8200073242,710.3900146484,707.5109252930,11529500
2025-07-16,713.3699951172,713.9699707031,699.2700195312,702.9099731445,700.0611572266,13067600
2025-07-17,704.3900146484,705.9000244141,697.1099853516,701.4099731445,698.5672607422,11803300
2025-07-18,702.1900024414,704.7100219727,691.6500244141,704.2800292969,701.4256591797,12779800
2025-07-21,706.7999877930,717.0000000000,705.7600097656,712.9699707031,710.0804443359,9404400
2025-07-22,716.1900024414,716.5999755859,701.4099731445,704.8099975586,701.9535522461,8921100
2025-07-23,706.3699951172,714.6300048828,704.9299926758,713.5800170898,710.6880493164,8771600
2025-07-24,717.0499877930,723.6199951172,714.0000000000,714.7999877930,711.9030761719,10920800
2025-07-25,716.9199829102,720.6500244141,711.9000244141,712.6799926758,709.7916259766,8271700
2025-07-28,715.2000122070,724.7399902344,712.6799926758,717.6300048828,714.7216186523,8715700
2025-07-29,720.0000000000,724.4699707031,699.9099731445,700.0000000000,697.1630859375,13267000
2025-07-30,708.0900268555,708.5000000000,691.2000122070,695.2100219727,692.3924560547,27077300
2025-07-31,775.2000122070,784.7500000000,765.5100097656,773.4400024414,770.3054199219,38831100
2025-08-01,760.7299804688,766.0000000000,745.3099975586,750.0100097656,746.9703979492,19028700
2025-08-04,760.0000000000,776.8499755859,758.4099731445,776.3699951172,773.2235107422,15801700
2025-08-05,776.4500122070,783.1300048828,763.0000000000,763.4600219727,760.3659057617,11640300
2025-08-06,770.0000000000,773.6400146484,760.4600219727,771.9899902344,768.8612670898,9733900
2025-08-07,773.4899902344,775.0000000000,759.5499877930,761.8300170898,758.7424316406,9019700
2025-08-08,762.7500000000,769.9000244141,758.5800170898,769.2999877930,766.1821899414,7320800
2025-08-11,770.0800170898,773.4600219727,764.6699829102,765.8699951172,762.7660522461,7612000
2025-08-12,773.0000000000,793.6699829102,772.4299926758,790.0000000000,786.7982788086,14563100
2025-08-13,791.1500244141,795.4600219727,778.2299804688,780.0800170898,776.9183959961,8811800
2025-08-14,777.8800048828,787.8099975586,772.5100097656,782.1300048828,778.9601440430,8116200
2025-08-15,784.1500244141,796.2500000000,780.8200073242,785.2299804688,782.0476074219,13375400
2025-08-18,775.0900268555,775.8099975586,756.5599975586,767.3699951172,764.2600097656,16513700
2025-08-19,767.1199951172,767.1699829102,749.3599853516,751.4799804688,748.4343261719,12286700
2025-08-20,747.5700073242,750.2000122070,731.0000000000,747.7199707031,744.6895751953,11898200
2025-08-21,744.7100219727,745.5000000000,733.1099853516,739.0999755859,736.1045532227,8876300
2025-08-22,739.2299804688,756.9000244141,734.3900146484,754.7899780273,751.7309570312,10612700
2025-08-25,754.8200073242,758.8800048828,750.1300048828,753.2999877930,750.2470092773,6861200
2025-08-26,750.7999877930,754.8699951172,747.9400024414,754.0999755859,751.0437622070,7601800
2025-08-27,752.2999877930,754.1500244141,742.8400268555,747.3800048828,744.3510742188,8315400
2025-08-28,744.0000000000,753.0499877930,740.7999877930,751.1099853516,748.0658569336,7468000
2025-08-29,745.2800292969,747.1400146484,735.3499755859,738.7000122070,735.7061157227,9070500
2025-09-02,726.0399780273,736.0000000000,721.7299804688,735.1099853516,732.1306762695,9350900
2025-09-03,736.0000000000,740.2500000000,733.9899902344,737.0499877930,734.0628051758,7699300
2025-09-04,748.5700073242,761.1599731445,745.8200073242,748.6500244141,745.6158447266,11439100
2025-09-05,752.6199951172,757.9500122070,745.0300292969,752.4500122070,749.4005126953,9663400
2025-09-08,756.0000000000,766.5100097656,752.0200195312,752.2999877930,749.2510375977,13087800
2025-09-09,757.4899902344,766.2999877930,753.4299926758,765.7000122070,762.5968017578,10999000
2025-09-10,765.1300048828,765.7000122070,751.0000000000,751.9799804688,748.9323730469,12478300
2025-09-11,754.6500244141,757.0999755859,748.3699951172,750.9000244141,747.8568115234,7923300
2025-09-12,748.7299804688,757.5700073242,743.7600097656,755.5900268555,752.5277709961,8248600
2025-09-15,757.4699707031,774.0700073242,751.9899902344,764.7000122070,761.6007690430,10533800
2025-09-16,767.0000000000,781.3599853516,765.0999755859,779.0000000000,775.8428344727,11782500
2025-09-17,779.9899902344,783.2899780273,766.3099975586,775.7199707031,772.5761108398,9400900
2025-09-18,780.7500000000,788.7800292969,773.3599853516,780.2500000000,777.0878295898,10955000
2025-09-19,786.4199829102,790.7999877930,769.1900024414,778.3800048828,775.2253417969,23696800
2025-09-22,781.8499755859,785.7299804688,764.4699707031,765.1599731445,762.5733032227,11706900
2025-09-23,769.2500000000,770.5999755859,751.0700073242,755.4000244141,752.8463134766,10872600
2025-09-24,757.5000000000,761.1099853516,752.5300292969,760.6599731445,758.0885009766,8828200
2025-09-25,753.4500122070,756.7700195312,744.5499877930,748.9099731445,746.3781738281,10591100
2025-09-26,750.0000000000,751.9299926758,737.3499755859,743.7500000000,741.2357177734,9696300
2025-09-29,748.7199707031,750.7800292969,739.1500244141,743.4000244141,740.8868408203,9246800
2025-09-30,742.2500000000,742.9699707031,726.2999877930,734.3800048828,731.8973388672,16226800
2025-10-01,721.4899902344,721.8499755859,710.2000122070,717.3400268555,714.9149169922,20419600
2025-10-02,722.5800170898,727.7700195312,718.1400146484,727.0499877930,724.5921020508,11415300
2025-10-03,729.6300048828,731.0000000000,710.1799926758,710.5599975586,708.1578369141,16154300
2025-10-06,705.1900024414,716.8800048828,690.5100097656,715.6599731445,713.2406616211,21654700
2025-10-07,717.7199707031,718.5000000000,705.7500000000,713.0800170898,710.6693725586,12062900
2025-10-08,713.4500122070,719.6500244141,707.8099975586,717.8400268555,715.4133300781,10790600
2025-10-09,718.2800292969,733.5100097656,712.4400024414,733.5100097656,731.0303344727,12717200
2025-10-10,730.9199829102,735.2700195312,704.5100097656,705.2999877930,702.9156494141,16980100
2025-10-13,713.0100097656,719.9400024414,707.6400146484,715.7000122070,713.2804565430,9251800
2025-10-14,707.7800292969,715.5499877930,699.3300170898,708.6500244141,706.2543334961,8829800
2025-10-15,717.0599975586,723.9000244141,709.5100097656,717.5499877930,715.1242065430,10246800
2025-10-16,717.5499877930,725.4899902344,703.8800048828,712.0700073242,709.6627807617,9017000
2025-10-17,707.0800170898,718.5399780273,706.1199951172,716.9199829102,714.4963378906,12232400
2025-10-20,721.1900024414,733.7700195312,720.1799926758,732.1699829102,729.6948242188,8900200
2025-10-21,736.0200195312,738.5000000000,728.7500000000,733.2700195312,730.7911376953,7647300
2025-10-22,733.8300170898,740.5999755859,724.0300292969,733.4099731445,730.9306030273,8734500
2025-10-23,734.7000122070,742.4099731445,733.0999755859,734.0000000000,731.5186157227,9856000
2025-10-24,736.7899780273,741.2100219727,731.1500244141,738.3599853516,735.8638305664,9151300
2025-10-27,749.7299804688,755.7500000000,748.0100097656,750.8200073242,748.2817993164,11321100
2025-10-28,752.6300048828,758.4000244141,745.5200195312,751.4400024414,748.8997192383,12193800
2025-10-29,754.7500000000,759.1599731445,742.5100097656,751.6699829102,749.1289062500,26818600
2025-10-30,669.1500244141,680.9600219727,650.1699829102,666.4699707031,664.2169189453,88440100
2025-10-31,674.5100097656,674.8900146484,645.5700073242,648.3499755859,646.1581420898,56953200
2025-11-03,656.0000000000,659.3300170898,636.1799926758,637.7100219727,635.5541381836,33003600
2025-11-04,628.0399780273,641.7399902344,626.0100097656,627.3200073242,625.1992797852,27356600
2025-11-05,632.3099975586,642.2299804688,626.5399780273,635.9500122070,633.8001098633,20219900
2025-11-06,635.8499755859,636.0000000000,618.0000000000,618.9400024414,616.8475952148,23628800
2025-11-07,616.4899902344,622.1300048828,601.2000122070,621.7100219727,619.6082153320,29946800
2025-11-10,631.0900268555,635.0000000000,618.1099853516,631.7600097656,629.6243286133,19245000
2025-11-11,628.0000000000,629.5599975586,619.3900146484,627.0800170898,624.9600830078,13302200
2025-11-12,628.1300048828,628.9899902344,607.7700195312,609.0100097656,606.9511718750,24493300
2025-11-13,613.0700073242,617.6500244141,603.0000000000,609.8900146484,607.8282470703,20973800
2025-11-14,601.7899780273,613.6799926758,595.2000122070,609.4600219727,607.3996582031,20724100
2025-11-17,609.0399780273,611.6900024414,595.4000244141,602.0100097656,599.9748535156,16501300
2025-11-18,591.5999755859,603.6599731445,583.7800292969,597.6900024414,595.6694946289,25500600
2025-11-19,593.7199707031,595.3300170898,581.2500000000,590.3200073242,588.3243408203,24744700
2025-11-20,603.5000000000,606.7199707031,583.3499755859,589.1500244141,587.1583251953,20603000
2025-11-21,588.5000000000,598.1199951172,581.8599853516,594.2500000000,592.2410888672,21052600
2025-11-24,598.7199707031,616.7000122070,597.6300048828,613.0499877930,610.9774780273,23554900
2025-11-25,624.0000000000,637.0499877930,618.2999877930,636.2199707031,634.0691528320,25213000
2025-11-26,637.6900024414,638.3599853516,631.6300048828,633.6099853516,631.4680175781,15209500
2025-11-28,636.0800170898,648.0499877930,635.5000000000,647.9500122070,645.7595214844,11033200
2025-12-01,639.5499877930,645.3200073242,637.7600097656,640.8699951172,638.7034301758,13029900
2025-12-02,642.3400268555,647.8699951172,638.0700073242,647.0999755859,644.9124145508,11640900
2025-12-03,644.4099731445,648.8499755859,637.5499877930,639.5999755859,637.4378051758,11134300
2025-12-04,676.0000000000,676.0999755859,660.0499877930,661.5300292969,659.2936401367,29874600
2025-12-05,664.0000000000,674.6900024414,662.3900146484,673.4199829102,671.1434326172,21207900
2025-12-08,669.3400268555,676.7100219727,665.0700073242,666.7999877930,664.5457763672,13161000
2025-12-09,663.7700195312,664.4799804688,653.3400268555,656.9600219727,654.7390747070,12997100
2025-12-10,649.9500122070,654.5100097656,643.4000244141,650.1300048828,647.9321289062,16910900
2025-12-11,643.2899780273,655.2800292969,640.7999877930,652.7100219727,650.5034790039,13056700
2025-12-12,649.7999877930,711.0000000000,638.6099853516,644.2299804688,642.0520629883,14016900
2025-12-15,645.7000122070,653.0000000000,638.7000122070,647.5100097656,645.8473510742,15549100
2025-12-16,643.5000000000,662.5399780273,643.2000122070,657.1500244141,655.4625854492,14309100
2025-12-17,655.6099853516,661.2299804688,649.2000122070,649.5000000000,647.8322143555,15598500
2025-12-18,657.0300292969,670.5599975586,656.4600219727,664.4500122070,662.7438964844,20260300
2025-12-19,666.4199829102,671.0000000000,658.1799926758,658.7700195312,657.0784301758,49977100
2025-12-22,661.6500244141,673.5800170898,656.6500244141,661.5000000000,659.8013916016,15659400
2025-12-23,660.0499877930,666.0000000000,658.2500000000,664.9400024414,663.2325439453,8486800
2025-12-24,662.5300292969,668.1799926758,662.2000122070,667.5499877930,665.8359375000,5627500
2025-12-26,668.0599975586,668.9500122070,661.3200073242,663.2899780273,661.5867919922,7133800
2025-12-29,658.0100097656,660.2500000000,654.3900146484,658.6900024414,656.9986572266,8506500
2025-12-30,658.6900024414,672.2199707031,657.8400268555,665.9500122070,664.2399902344,9187500
2025-12-31,664.7500000000,665.0000000000,659.4400024414,660.0900268555,658.3950805664,7940400
2026-01-02,662.7299804688,664.3900146484,643.5000000000,650.4099731445,648.7399291992,13726500
2026-01-05,651.0100097656,664.5399780273,647.7500000000,658.7899780273,657.0983886719,12213700
2026-01-06,659.5700073242,665.5200195312,651.9000244141,660.6199951172,658.9237060547,11074400
2026-01-07,655.6400146484,659.1500244141,644.8099975586,648.6900024414,647.0243530273,12846300
2026-01-08,645.8800048828,647.0999755859,635.7199707031,646.0599975586,644.4010620117,11921700
2026-01-09,645.4400024414,654.9500122070,642.8499755859,653.0599975586,651.3830566406,11634900
2026-01-12,652.5300292969,653.9699707031,641.2299804688,641.9699707031,640.3215942383,14797200
2026-01-13,642.2700195312,642.2700195312,624.0999755859,631.0900268555,629.4695434570,18030400
2026-01-14,626.5000000000,628.4500122070,614.8200073242,615.5200195312,613.9395141602,15527900
2026-01-15,618.4799804688,624.1699829102,614.2299804688,620.7999877930,619.2059326172,13076100
2026-01-16,624.1799926758,629.0800170898,620.0800170898,620.2500000000,618.6573486328,17012500
2026-01-20,607.8800048828,611.4000244141,600.0000000000,604.1199951172,602.5687866211,15169600
2026-01-21,606.7399902344,618.2700195312,600.0800170898,612.9600219727,611.3861083984,14494700
2026-01-22,629.3499755859,660.5700073242,626.5499877930,647.6300048828,645.9670410156,21394700
2026-01-23,644.7700195312,666.4899902344,644.4500122070,658.7600097656,657.0684814453,22797700
2026-01-26,665.1300048828,675.2800292969,661.2899780273,672.3599853516,670.6335449219,16327400
2026-01-27,674.5900268555,676.8200073242,664.6599731445,672.9699707031,671.2419433594,13297400
2026-01-28,674.5000000000,677.6799926758,666.0999755859,668.7299804688,667.0128173828,25709600
2026-01-29,737.4299926758,744.0000000000,712.5499877930,738.3099975586,736.4141845703,59852900
2026-01-30,727.5000000000,732.1699829102,713.5900268555,716.5000000000,714.6601562500,23744600
2026-02-02,714.5999755859,721.2999877930,703.5200195312,706.4099731445,704.5960083008,14365200
2026-02-03,707.3699951172,717.0000000000,686.4099731445,691.7000122070,689.9238281250,13760700
2026-02-04,687.7299804688,688.8300170898,667.4600219727,668.9899902344,667.2721557617,16882800
2026-02-05,663.5800170898,681.5000000000,653.5000000000,670.2100219727,668.4890136719,17131800
2026-02-06,665.4899902344,671.9899902344,646.5000000000,661.4600219727,659.7615356445,18159300
2026-02-09,663.1799926758,683.3099975586,658.7800292969,677.2199707031,675.4810180664,14837500
2026-02-10,677.5999755859,680.6500244141,669.7899780273,670.7199707031,668.9977416992,10455800
2026-02-11,674.0000000000,679.2700195312,657.0999755859,668.6900024414,666.9729614258,14323800
2026-02-12,669.9699707031,676.0000000000,645.2800292969,649.8099975586,648.1414184570,14960100
2026-02-13,645.0999755859,651.4299926758,634.5700073242,639.7700195312,638.1272583008,12336400
2026-02-17,639.5000000000,642.5999755859,628.7999877930,639.2899780273,637.6483764648,12674700
2026-02-18,633.7999877930,645.0000000000,628.1500244141,643.2199707031,641.5682983398,14649200
2026-02-19,638.5700073242,647.1900024414,636.7199707031,644.7800292969,643.1243286133,10035700
2026-02-20,639.6900024414,663.3499755859,638.7800292969,655.6599731445,653.9763793945,14183500
2026-02-23,652.5399780273,657.7000122070,636.0000000000,637.2500000000,635.6136474609,8605900
2026-02-24,633.0800170898,641.1099853516,628.9799804688,639.2999877930,637.6583862305,10135600
2026-02-25,642.5300292969,653.8800048828,642.1400146484,653.6900024414,652.0114746094,11330700
2026-02-26,650.5499877930,661.0000000000,647.5000000000,657.0100097656,655.3229980469,10637700
2026-02-27,643.4500122070,649.4400024414,638.1199951172,648.1799926758,646.5156250000,15703000
2026-03-02,637.1599731445,659.9400024414,634.5000000000,653.5599975586,651.8817749023,9816100
2026-03-03,648.2899780273,659.0399780273,638.8400268555,655.0800170898,653.3978881836,12263800
2026-03-04,657.9600219727,672.7700195312,657.6699829102,667.7299804688,666.0153808594,10810100
2026-03-05,661.9299926758,670.7000122070,650.3099975586,660.5700073242,658.8738403320,13341400
2026-03-06,647.9000244141,649.4699707031,636.1099853516,644.8599853516,643.2041015625,13159400
2026-03-09,634.7800292969,647.7500000000,626.7800292969,647.3900146484,645.7277221680,13489700
2026-03-10,653.5599975586,660.2999877930,649.0000000000,654.0700073242,652.3905029297,9859300
2026-03-11,654.7600097656,659.1199951172,648.3599853516,654.8599853516,653.1784057617,8977200
2026-03-12,648.7500000000,653.5000000000,636.9000244141,638.1799926758,636.5412597656,11617500
2026-03-13,623.8900146484,629.1699829102,609.5499877930,613.7100219727,612.1340942383,18957600
2026-03-16,632.0000000000,634.7500000000,623.0999755859,627.4500122070,626.3746948242,15134900
2026-03-17,627.9899902344,636.5499877930,621.7000122070,622.6599731445,621.5928955078,10348800
2026-03-18,616.3400268555,622.6500244141,614.6099853516,615.6799926758,614.6248779297,11726300
2026-03-19,612.1500244141,613.0000000000,602.2600097656,606.7000122070,605.6602783203,13247700
2026-03-20,603.5300292969,603.9600219727,587.2500000000,593.6599731445,592.6425781250,21214900
2026-03-23,605.7899780273,608.6400146484,599.0100097656,604.0599975586,603.0247802734,13638000
2026-03-24,599.0999755859,601.0000000000,591.0000000000,592.9199829102,591.9038696289,10739700
2026-03-25,598.7399902344,603.6699829102,593.4000244141,594.8900146484,593.8704833984,12585000
2026-03-26,582.4899902344,583.0000000000,543.3499755859,547.5399780273,546.6015625000,35780100
2026-03-27,540.0999755859,543.5999755859,520.2600097656,525.7199707031,524.8189697266,30133000
2026-03-30,536.3800048828,539.5499877930,528.5399780273,536.3800048828,535.4607543945,22795200
2026-03-31,549.9799804688,573.6900024414,546.7700195312,572.1300048828,571.1494750977,32898300
2026-04-01,580.1300048828,592.5499877930,573.8200073242,579.2299804688,578.2373046875,23608100
2026-04-02,566.0399780273,578.5000000000,559.7000122070,574.4600219727,573.4755249023,13518500
2026-04-06,577.6900024414,582.7899780273,572.0000000000,573.0200195312,572.0379638672,9515700
2026-04-07,572.4799804688,575.2299804688,564.7600097656,575.0499877930,574.0644531250,9580800
2026-04-08,606.0000000000,629.9500122070,591.8300170898,612.4199829102,611.3704223633,32036600
2026-04-09,626.9699707031,637.5000000000,623.0000000000,628.3900146484,627.3131103516,19012900
2026-04-10,634.4699707031,638.5800170898,624.3300170898,629.8599853516,628.7805175781,13294800
2026-04-13,629.5000000000,635.0000000000,624.4000244141,634.5300292969,633.4426269531,9538900
2026-04-14,643.2199707031,666.2600097656,639.3699951172,662.4899902344,661.3546142578,17818000
2026-04-15,667.0000000000,678.5000000000,664.2199707031,671.5800170898,670.4290771484,14952600
2026-04-16,675.9899902344,677.5800170898,667.7500000000,676.8699951172,675.7099609375,9544800
2026-04-17,678.5999755859,691.5200195312,675.1300048828,688.5499877930,687.3699340820,16283500
2026-04-20,681.3599853516,683.3800048828,668.0000000000,670.9099731445,669.7601928711,12534000
2026-04-21,671.0000000000,676.2000122070,667.3300170898,668.8400268555,667.6937866211,8660100
2026-04-22,674.3599853516,678.3800048828,669.7500000000,674.7199707031,673.5636596680,9215600
2026-04-23,663.7000122070,669.5599975586,653.0499877930,659.1500244141,658.0203857422,11667000
2026-04-24,660.3200073242,680.6699829102,653.8400268555,675.0300292969,673.8731689453,13348300
2026-04-27,671.0000000000,682.5000000000,670.8400268555,678.6199951172,677.4569702148,12805200
2026-04-28,674.2399902344,678.1799926758,665.6300048828,671.3400268555,670.1894531250,10606800
2026-04-29,668.9099731445,674.2500000000,663.8099975586,669.1199951172,667.9732666016,18947500
2026-04-30,619.3200073242,620.8499755859,600.0000000000,611.9099731445,610.8612670898,52765000
2026-05-01,614.6900024414,618.8800048828,606.1099853516,608.7500000000,607.7067260742,21404000
2026-05-04,607.9400024414,614.0000000000,602.7500000000,610.4099731445,609.3638916016,16203900
2026-05-05,613.3099975586,614.3499755859,600.3599853516,604.9600219727,603.9232177734,17171300
2026-05-06,601.0499877930,619.9500122070,598.0999755859,612.8800048828,611.8296508789,19915500
2026-05-07,614.7199707031,624.9799804688,613.5399780273,616.8099975586,615.7528686523,12307400
2026-05-08,615.2000122070,616.7700195312,606.0599975586,609.6300048828,608.5852050781,13557000
2026-05-11,604.5700073242,604.9099731445,598.0800170898,598.8599853516,597.8336791992,15940600
2026-05-12,594.8200073242,603.7500000000,592.5999755859,603.0000000000,601.9666137695,11351600
2026-05-13,598.8300170898,619.9000244141,596.6599731445,616.6300048828,615.5732421875,14634400
2026-05-14,616.0000000000,623.7299804688,615.0000000000,618.4299926758,617.3701171875,10651200
2026-05-15,613.9899902344,621.2000122070,609.3099975586,614.2299804688,613.1773681641,13272600
2026-05-18,609.1099853516,615.5900268555,603.6900024414,611.2100219727,610.1625366211,13772400
2026-05-19,608.9199829102,613.9299926758,600.5499877930,602.6099853516,601.5772705078,11749900
2026-05-20,600.7600097656,608.0000000000,597.8099975586,605.0599975586,604.0230712891,11329700
2026-05-21,600.0000000000,609.5999755859,594.8099975586,607.3800048828,606.3390502930,13476100
2026-05-22,607.8800048828,614.8099975586,606.9500122070,610.2600097656,609.2141723633,11688600
2026-05-26,608.8900146484,614.4699707031,605.2999877930,612.3400268555,611.2905883789,12234200
2026-05-27,609.4000244141,638.5000000000,609.0000000000,635.2600097656,634.1713256836,23143600
2026-05-28,639.5000000000,643.0000000000,629.3099975586,635.2899780273,634.2012329102,16772400
2026-05-29,633.5000000000,634.5000000000,623.3499755859,632.5100097656,631.4260253906,19806500
2026-06-01,630.4000244141,635.7500000000,599.5300292969,600.4699707031,599.4408569336,29138800
2026-06-02,603.2399902344,608.8800048828,596.6799926758,597.6300048828,596.6057739258,18252000
2026-06-03,603.0000000000,624.1500244141,600.2700195312,622.9799804688,621.9123535156,23020100
2026-06-04,623.6699829102,642.4000244141,622.4299926758,627.5700073242,626.4944458008,21469200
2026-06-05,623.4600219727,629.1500244141,582.9099731445,593.0000000000,591.9837646484,30091600
2026-06-08,592.0000000000,592.0000000000,579.2199707031,585.3900146484,584.3867797852,19512400
2026-06-09,591.0000000000,597.6300048828,581.0100097656,584.5900268555,583.5881347656,16977400
2026-06-10,580.7299804688,591.3200073242,570.5999755859,570.9799804688,570.0014648438,17064000
2026-06-11,565.8300170898,572.1699829102,557.0100097656,568.4299926758,567.4558105469,17628000
2026-06-12,572.9500122070,576.0700073242,560.9000244141,566.9799804688,566.0082397461,14326400
2026-06-15,579.9000244141,601.2700195312,579.2999877930,593.4799804688,593.0119628906,17653300
2026-06-16,593.6500244141,605.8099975586,592.0000000000,600.2100219727,599.7366943359,11344400
2026-06-17,592.0000000000,593.8099975586,566.1900024414,567.5800170898,567.1324462891,20478300
2026-06-18,572.8200073242,580.2199707031,563.0999755859,577.2199707031,576.7647705078,28824600
2026-06-22,572.0200195312,575.8099975586,559.8099975586,563.8499755859,563.4053344727,15405500
2026-06-23,562.2500000000,572.2000122070,561.0200195312,562.2000122070,561.7566528320,13103300
2026-06-24,561.8900146484,569.0399780273,555.5499877930,557.6699829102,557.2302246094,13963600
2026-06-25,555.5499877930,556.3400268555,540.1799926758,542.8699951172,542.4418945312,16968600
2026-06-26,543.3400268555,556.8499755859,540.4000244141,550.2500000000,549.8161010742,18867700
2026-06-29,560.0000000000,570.9000244141,558.0000000000,562.5999755859,562.1563110352,15011400
2026-06-30,560.9400024414,565.5399780273,551.4299926758,563.2899780273,562.8457641602,18111100
2026-07-01,607.9099731445,628.2800292969,595.0999755859,612.9099731445,612.4266357422,45536300
2026-07-02,607.9000244141,610.0000000000,580.4199829102,582.9000244141,582.4403686523,21705900
2026-07-06,594.8400268555,603.5800170898,581.7600097656,600.2899780273,599.8165893555,17674100
2026-07-07,607.5900268555,625.3699951172,603.6599731445,615.5800170898,615.0946044922,18560800
2026-07-08,614.3900146484,616.0000000000,598.0100097656,603.1199951172,602.6444091797,13606500
2026-07-09,583.9899902344,633.2700195312,577.0700073242,631.4799804688,630.9819946289,26579700
2026-07-10,660.3400268555,677.8599853516,658.0100097656,669.2100219727,668.6823120117,40608900
2026-07-13,661.3800048828,676.6199951172,654.2000122070,656.7299804688,656.2120971680,19840700
2026-07-14,652.0000000000,666.5000000000,649.0499877930,661.0399780273,660.5186767578,16748200
2026-07-15,663.5999755859,686.0800170898,656.6599731445,681.3099975586,680.7727661133,19003400
2026-07-16,677.2800292969,681.9000244141,660.1599731445,664.5399780273,664.0159301758,15816000
2026-07-17,647.7000122070,652.2000122070,626.0000000000,646.0100097656,645.5006103516,22267900
2026-07-20,646.7000122070,653.2999877930,636.0100097656,645.8499755859,645.3406982422,10225200
2026-07-21,654.1799926758,655.8800048828,643.2000122070,643.8099975586,643.3023071289,9140500
2026-07-22,647.7000122070,649.0000000000,624.0000000000,627.1699829102,626.6754150391,11019600
2026-07-23,608.4099731445,614.6500244141,597.2199707031,606.0999755859,605.6220092773,15494800
2026-07-24,605.2999877930,609.9799804688,594.4500122070,595.1900024414,594.7206420898,11503500
2026-07-27,607.2199707031,611.2600097656,593.1300048828,593.8699951172,593.4016723633,11195300
2026-07-28,596.8200073242,601.0000000000,587.0000000000,593.4099731445,592.9420166016,12009300
2026-07-29,593.2500000000,599.9699707031,582.2199707031,585.6099853516,585.1481933594,22371100
2026-07-30,526.0000000000,539.8800048828,524.4899902344,539.0300292969,538.6049804688,42271500
2026-07-31,543.5999755859,558.3300170898,540.2199707031,556.7100219727,556.2709960938,24261500
2026-08-03,562.2399902344,597.5200195312,559.3599853516,590.2399902344,589.7745361328,25938100
2026-08-04,581.5000000000,592.7899780273,578.2500000000,587.9400024414,587.4763793945,17959200
2026-08-05,600.4600219727,601.0000000000,580.1199951172,588.7700195312,588.3057250977,14897200
2026-08-06,586.9500122070,595.3099975586,586.0000000000,589.9000244141,589.4348754883,11811500
2026-08-07,585.6400146484,598.7399902344,585.6199951172,592.0999755859,591.6330566406,11250300
2026-08-10,599.1300048828,608.2100219727,592.0300292969,594.9199829102,594.4508666992,14967300
2026-08-11,598.0000000000,612.4299926758,593.4000244141,599.1199951172,598.6475219727,13146900
2026-08-12,601.0700073242,604.5000000000,578.2100219727,578.8499755859,578.3934936523,16186900
2026-08-13,580.7100219727,595.8499755859,579.3900146484,594.9699707031,594.5007934570,11164200
2026-08-14,596.9799804688,601.8599853516,589.2899780273,589.8499755859,589.3848266602,8758000
2026-08-17,589.7500000000,590.2399902344,564.7500000000,568.9699707031,568.5213012695,17225600
2026-08-18,557.4799804688,560.6599731445,543.2100219727,543.6699829102,543.2412719727,27094900
2026-08-19,541.3400268555,554.0700073242,537.2700195312,546.0300292969,545.5994262695,16971700
2026-08-20,546.9500122070,549.9899902344,539.3099975586,545.8300170898,545.3995971680,13872200
2026-08-21,546.8900146484,553.8699951172,543.2299804688,549.9000244141,549.4663696289,13848000
2026-08-24,550.2000122070,561.4199829102,546.2999877930,559.0200195312,558.5792236328,12990600
2026-08-25,563.8800048828,570.7999877930,561.4000244141,570.0499877930,569.6004638672,9769100
2026-08-26,590.3099975586,593.3400268555,561.8800048828,576.1400146484,575.6856689453,31416300
2026-08-27,576.4799804688,588.3900146484,567.6199951172,571.0999755859,570.6495971680,15221400
2026-08-28,571.5499877930,589.1900024414,571.0000000000,578.0200195312,577.5642089844,16042400
2026-08-31,577.6300048828,578.6799926758,569.1400146484,572.3400268555,571.8886718750,13383800
2026-09-01,558.3499755859,584.9500122070,556.0999755859,578.5399780273,578.0837402344,15796900
2026-09-02,578.7899780273,600.3800048828,577.0000000000,592.8499755859,592.3824462891,16552700
2026-09-03,604.4899902344,619.4600219727,604.3499755859,610.6799926758,610.1984252930,19737100
2026-09-04,612.3499755859,617.4600219727,605.2700195312,616.7700195312,616.2836303711,15966200
2026-09-08,616.2100219727,624.7999877930,609.7399902344,613.4799804688,612.9962158203,18909700
2026-09-09,648.6400146484,657.8599853516,638.5599975586,653.6900024414,653.1744995117,35900700
2026-09-10,653.7100219727,663.5000000000,642.1400146484,644.3800048828,643.8718872070,21531900
2026-09-11,653.5100097656,664.2399902344,646.2000122070,648.0300292969,647.5190429688,16925000
2026-09-14,657.8300170898,668.5999755859,649.2199707031,665.5999755859,665.0751342773,19332300
2026-09-15,659.2999877930,678.8699951172,656.2000122070,670.2399902344,669.7114868164,19502800
2026-09-16,679.9099731445,685.3099975586,671.9099731445,673.3099975586,672.7790527344,17217800
2026-09-17,682.4400024414,683.2000122070,667.0499877930,682.3099975586,681.7719726562,15928000
2026-09-18,688.6199951172,690.1500244141,660.7999877930,665.7500000000,665.2250366211,27596400
2026-09-21,680.2999877930,753.0000000000,679.5999755859,741.2500000000,741.2500000000,48720500
2026-09-22,731.4000244141,757.2700195312,730.0000000000,736.5999755859,736.5999755859,28122100
2026-09-23,747.5999755859,763.9000244141,739.5100097656,744.0999755859,744.0999755859,30346000
